"集","段","镜","集内开始秒","集内结束秒","角色","表演提示","台词","状态"
"1","E01-01","3","7.2","10.3","许知遥","低声，压着不满","连他的东西也等不到明天。","时间为分镜自动草稿，待真人/模型配音后回校"
"1","E01-02","3","17.7","20.8","许知遥","冷淡中带失望","爸，你就留下这些？","时间为分镜自动草稿，待真人/模型配音后回校"
"1","E01-03","2","24.7","27.3","许知遥","立刻警觉","这不是电流声。","时间为分镜自动草稿，待真人/模型配音后回校"
"1","E01-04","3","38.7","41.3","许知遥","专业，语速稳定","先保原始轨，再做副本。","时间为分镜自动草稿，待真人/模型配音后回校"
"1","E01-05","3","48.7","51.3","许知遥","专注，自言自语","潮声太满，人声在下面。","时间为分镜自动草稿，待真人/模型配音后回校"
"1","E01-06","2","54.7","56.8","许潮","录音，急促喘息","开船的……","时间为分镜自动草稿，待真人/模型配音后回校"
"1","E01-06","4","59.7","61.8","许知遥","失神，尾音发紧","这个声音……","时间为分镜自动草稿，待真人/模型配音后回校"
"1","E01-07","2","65.7","67.8","许知遥","极轻，第一次失去克制","哥，是你吗？","时间为分镜自动草稿，待真人/模型配音后回校"
"1","E01-07","4","70.7","72.8","许潮","录音，气息短促","开船的不是爸。","时间为分镜自动草稿，待真人/模型配音后回校"
"1","E01-08","2","75.7","77.3","许知遥","压住颤抖","再说一遍。","时间为分镜自动草稿，待真人/模型配音后回校"
"1","E01-08","4","81.2","82.8","许潮","录音，清楚而急迫","是高嵩。","时间为分镜自动草稿，待真人/模型配音后回校"
"1","E01-09","2","86.2","88.8","许知遥","冷静被愤怒顶开","责任书上写的是爸。","时间为分镜自动草稿，待真人/模型配音后回校"
"1","E01-09","4","91.2","93.3","许知遥","盯着父亲签名","你们谁在撒谎？","时间为分镜自动草稿，待真人/模型配音后回校"
"2","E02-01","2","3.2","5.8","程野","低沉，直接进入正题","官方写一点二十分离岸。","时间为分镜自动草稿，待真人/模型配音后回校"
"2","E02-01","3","6.2","10.3","许知遥","逐字核对","这段报时在一点四十七。","时间为分镜自动草稿，待真人/模型配音后回校"
"2","E02-02","1","13.2","15.8","许潮","录音，远而破碎","七月十九，一点四十七。","时间为分镜自动草稿，待真人/模型配音后回校"
"2","E02-02","3","20.2","22.3","程野","确认，语气发沉","这是货仓防潮报警器。","时间为分镜自动草稿，待真人/模型配音后回校"
"2","E02-03","1","22.7","24.3","许知遥","迅速追问","不是船上的？","时间为分镜自动草稿，待真人/模型配音后回校"
"2","E02-03","2","24.7","28.3","程野","笃定","每三十秒一次，我从小听到大。","时间为分镜自动草稿，待真人/模型配音后回校"
"2","E02-03","3","28.7","32.3","许知遥","压住激动","哥哥那时还在岸上。","时间为分镜自动草稿，待真人/模型配音后回校"
"2","E02-03","4","32.7","35.3","程野","简短，回避她的目光","至少有一份记录是假的。","时间为分镜自动草稿，待真人/模型配音后回校"
"2","E02-04","1","35.7","38.8","许知遥","冷下来","你还知道什么？","时间为分镜自动草稿，待真人/模型配音后回校"
"2","E02-04","3","41.7","45.3","程野","停顿后承认","事故第二天，我捡到过半块船牌。","时间为分镜自动草稿，待真人/模型配音后回校"
"2","E02-05","1","45.7","47.3","许知遥","立刻追问","船牌呢？","时间为分镜自动草稿，待真人/模型配音后回校"
"2","E02-05","2","47.7","50.8","程野","负疚，句尾收短","被我扔回水里了。","时间为分镜自动草稿，待真人/模型配音后回校"
"2","E02-05","3","51.2","53.8","许知遥","声音发硬","谁让你扔的？","时间为分镜自动草稿，待真人/模型配音后回校"
"2","E02-05","4","54.2","55.8","程野","很轻","许叔。","时间为分镜自动草稿，待真人/模型配音后回校"
"2","E02-05","5","56.2","59.3","许知遥","果断","去货仓。现在。","时间为分镜自动草稿，待真人/模型配音后回校"
"2","E02-06","3","66.2","67.8","许知遥","迅速判断","锁是后来换的。","时间为分镜自动草稿，待真人/模型配音后回校"
"2","E02-07","3","77.7","79.3","程野","确认","就是这个声音。","时间为分镜自动草稿，待真人/模型配音后回校"
"2","E02-08","3","85.7","87.3","许知遥","意外","它开的是这里。","时间为分镜自动草稿，待真人/模型配音后回校"
"2","E02-09","1","90.7","94.3","许知遥","读出记录","一点二十分，许德海当班。","时间为分镜自动草稿，待真人/模型配音后回校"
"2","E02-09","2","94.7","98.8","程野","盯住两条时间","可一点四十七，报警器还在录音里。","时间为分镜自动草稿，待真人/模型配音后回校"
"2","E02-09","3","99.2","102.8","许知遥","愤怒渐起","哥哥在这儿，爸却被写在船上。","时间为分镜自动草稿，待真人/模型配音后回校"
"2","E02-10","1","103.2","106.8","程野","终于直面记忆","许叔那天不是怕我找到船。","时间为分镜自动草稿，待真人/模型配音后回校"
"2","E02-10","2","107.2","108.8","许知遥","逼问","那他怕什么？","时间为分镜自动草稿，待真人/模型配音后回校"
"2","E02-10","3","109.2","113.3","程野","低声，留下疑点","他当时盯着这里，只说谁都不要再找。","时间为分镜自动草稿，待真人/模型配音后回校"
"3","E03-01","1","0.2","3.8","高嵩","温和，手没有松开","旧纸受潮，碰坏了没人负责。","时间为分镜自动草稿，待真人/模型配音后回校"
"3","E03-01","2","4.2","7.8","许知遥","冷静核对两条时间","一点二十仍值班，一点四十七仍报警。","时间为分镜自动草稿，待真人/模型配音后回校"
"3","E03-01","3","8.2","11.8","程野","简短，指出记录冲突","可事故记录写他一点二十已经开船。","时间为分镜自动草稿，待真人/模型配音后回校"
"3","E03-02","1","12.2","15.8","高嵩","保持笑意","十五年前的纸，能说明什么？","时间为分镜自动草稿，待真人/模型配音后回校"
"3","E03-02","2","16.2","19.8","许知遥","观察他的反应","能说明你急着清掉这里。","时间为分镜自动草稿，待真人/模型配音后回校"
"3","E03-02","3","20.2","23.3","高嵩","替她定义利害","我是在替你父亲留体面。","时间为分镜自动草稿，待真人/模型配音后回校"
"3","E03-03","1","23.7","27.3","高嵩","音量不高，句句压人","签名是他的，责任也是他的。","时间为分镜自动草稿，待真人/模型配音后回校"
"3","E03-03","2","27.7","31.3","许知遥","逐字核对","一点四十七，他不在船上。","时间为分镜自动草稿，待真人/模型配音后回校"
"3","E03-03","3","31.7","35.3","高嵩","轻描淡写","录音修出来什么，全凭你说。","时间为分镜自动草稿，待真人/模型配音后回校"
"3","E03-04","1","35.7","39.3","程野","低沉","报警器不会替她撒谎。","时间为分镜自动草稿，待真人/模型配音后回校"
"3","E03-04","3","43.2","45.3","高嵩","平静施压","我给你们十分钟。","时间为分镜自动草稿，待真人/模型配音后回校"
"3","E03-04","3","45.7","47.8","高嵩","像谈交易","遗物交给我，旧事到此为止。","时间为分镜自动草稿，待真人/模型配音后回校"
"3","E03-05","2","51.7","54.8","程野","压低声音","他怕的不是电台，是这个。","时间为分镜自动草稿，待真人/模型配音后回校"
"3","E03-06","1","55.2","58.3","许知遥","恢复专业冷静","先留副本。","时间为分镜自动草稿，待真人/模型配音后回校"
"3","E03-06","3","62.2","64.8","程野","低声确认","这不像普通磨损。","时间为分镜自动草稿，待真人/模型配音后回校"
"3","E03-07","2","68.7","71.3","许知遥","盯住波形","蜂鸣之后还有人声。","时间为分镜自动草稿，待真人/模型配音后回校"
"3","E03-07","4","75.2","77.8","许潮","录音，压低声音","爸被他们按在货仓里。","时间为分镜自动草稿，待真人/模型配音后回校"
"3","E03-08","1","78.2","81.3","许知遥","确认事实，气息发紧","他在货仓。","时间为分镜自动草稿，待真人/模型配音后回校"
"3","E03-08","2","81.7","84.3","程野","立刻接上证据链","所以他不可能开船。","时间为分镜自动草稿，待真人/模型配音后回校"
"3","E03-08","3","84.7","87.8","许德海","录音远声，粗哑用力","不能开船！","时间为分镜自动草稿，待真人/模型配音后回校"
"3","E03-08","4","88.2","91.3","许潮","录音，急促喘息","爸咬着正钥匙，抱着栏杆。","时间为分镜自动草稿，待真人/模型配音后回校"
"3","E03-09","1","91.7","94.8","许知遥","克制而确定","他签字，不等于他开船。","时间为分镜自动草稿，待真人/模型配音后回校"
"3","E03-09","2","95.2","98.3","高嵩","录音远声，命令","拿备用钥匙！","时间为分镜自动草稿，待真人/模型配音后回校"
"3","E03-09","3","98.7","101.8","许潮","录音，恐惧却清楚","船开了。爸还在这里。","时间为分镜自动草稿，待真人/模型配音后回校"
"3","E03-09","4","102.2","105.3","许知遥","结论落定","开船的是高嵩。","时间为分镜自动草稿，待真人/模型配音后回校"
"3","E03-10","1","105.7","108.8","程野","指向清单","六桶溶剂，私章也在。","时间为分镜自动草稿，待真人/模型配音后回校"
"3","E03-10","2","109.2","112.3","许知遥","不被胜利冲昏","还差事故船上的原始联单。","时间为分镜自动草稿，待真人/模型配音后回校"
"4","E04-01","1","0.2","4.8","高嵩","语气从容，像在谈一笔普通生意","跑这么急，是怕我先找到那张清单？","时间为分镜自动草稿，待真人/模型配音后回校"
"4","E04-01","2","5.2","8.3","许知遥","站定，声音冷静","我怕的是你把货仓推平。","时间为分镜自动草稿，待真人/模型配音后回校"
"4","E04-02","1","12.7","17.3","高嵩","音量不高，句句留出逼人答应的停顿","城里一套房，换电台和清单。今晚就签。","时间为分镜自动草稿，待真人/模型配音后回校"
"4","E04-02","2","17.7","22.3","许知遥","盯着他，不接资料","你买得这么急，说明六桶不是笔误。","时间为分镜自动草稿，待真人/模型配音后回校"
"4","E04-02","3","22.7","26.3","高嵩","笑意不变","多出来的溶剂，我没否认。","时间为分镜自动草稿，待真人/模型配音后回校"
"4","E04-03","1","26.7","29.8","许知遥","追问得很快","那晚是谁开的船？","时间为分镜自动草稿，待真人/模型配音后回校"
"4","E04-03","2","30.2","33.3","高嵩","轻描淡写","雷打下来，谁开都一样。","时间为分镜自动草稿，待真人/模型配音后回校"
"4","E04-03","3","33.7","36.8","许知遥","压住怒意","我爸被锁在这儿。","时间为分镜自动草稿，待真人/模型配音后回校"
"4","E04-04","1","37.2","41.8","高嵩","替死者下结论","他后来签了字，因为他知道许潮上了船。","时间为分镜自动草稿，待真人/模型配音后回校"
"4","E04-04","2","42.2","44.8","许知遥","不让他绕开","我哥为什么会在货仓？","时间为分镜自动草稿，待真人/模型配音后回校"
"4","E04-04","3","45.2","48.3","高嵩","语气里带着轻蔑","他偷了电台，想学大人报险。","时间为分镜自动草稿，待真人/模型配音后回校"
"4","E04-04","4","48.7","51.8","高嵩","刻意放慢","最后，他把自己送上了船。","时间为分镜自动草稿，待真人/模型配音后回校"
"4","E04-05","1","52.2","56.3","许知遥","声线更低","你连一个不能开口的孩子都要推过去。","时间为分镜自动草稿，待真人/模型配音后回校"
"4","E04-05","2","56.7","61.3","高嵩","礼貌中露出威胁","我是在提醒你，查下去，你连最后的家也保不住。","时间为分镜自动草稿，待真人/模型配音后回校"
"4","E04-06","1","65.2","68.3","高嵩","笑意已经消失","录到了什么？","时间为分镜自动草稿，待真人/模型配音后回校"
"4","E04-06","2","68.7","71.3","程野","短促，转身前回答","够你解释很久。","时间为分镜自动草稿，待真人/模型配音后回校"
"4","E04-07","2","78.2","81.3","高嵩","呼吸略乱，重新挤出笑","现在，你还剩什么？","时间为分镜自动草稿，待真人/模型配音后回校"
"4","E04-07","3","81.7","84.8","许知遥","平静得没有停顿","三份备份。","时间为分镜自动草稿，待真人/模型配音后回校"
"4","E04-07","4","85.2","88.8","许知遥","把断裂存储板装回外壳","档案修复，从来不在原介质上做。","时间为分镜自动草稿，待真人/模型配音后回校"
"4","E04-08","1","89.2","93.8","程野","站到许知遥身边","你毁掉的，只是我们愿意让你看见的那份。","时间为分镜自动草稿，待真人/模型配音后回校"
"4","E04-08","2","94.2","97.3","高嵩","不再掩饰威胁","明早九点，拆迁启动。","时间为分镜自动草稿，待真人/模型配音后回校"
"4","E04-08","3","97.7","100.8","高嵩","目光落在程野的手机上","里面的湿纸，一张都留不住。","时间为分镜自动草稿，待真人/模型配音后回校"
"4","E04-09","1","101.2","104.8","程野","故意把水下两个字说重","你越急，水下那份东西越值得找。","时间为分镜自动草稿，待真人/模型配音后回校"
"4","E04-09","2","105.2","108.3","许知遥","立刻转向程野","刚才录到了多少？","时间为分镜自动草稿，待真人/模型配音后回校"
"4","E04-09","4","112.2","115.8","高嵩","来自手机残录，失真而断裂","她的学籍……住处……让他签。","时间为分镜自动草稿，待真人/模型配音后回校"
"5","E05-01","2","4.2","7.3","程野","对着耳机，已经开始调整呼吸","知遥，给我十五分钟。","时间为分镜自动草稿，待真人/模型配音后回校"
"5","E05-01","3","7.7","11.3","画外音","许知遥从电话里传来，克制而急促","退潮只剩十二分钟，别逞强。","时间为分镜自动草稿，待真人/模型配音后回校"
"5","E05-02","1","11.7","15.3","程野","短暂停顿后说完","十五年前，我已经退过一次。","时间为分镜自动草稿，待真人/模型配音后回校"
"5","E05-02","3","19.7","22.8","画外音","许知遥从耳机里呼叫","程野，回话。","时间为分镜自动草稿，待真人/模型配音后回校"
"5","E05-03","1","23.2","26.8","程野","喘息很重","找到了。","时间为分镜自动草稿，待真人/模型配音后回校"
"5","E05-04","1","31.2","34.8","画外音","许知遥迅速下令","别展开，马上带回来。","时间为分镜自动草稿，待真人/模型配音后回校"
"5","E05-04","2","35.2","37.8","程野","声音第一次发抖","筒盖上有许潮的潮记。","时间为分镜自动草稿，待真人/模型配音后回校"
"5","E05-05","2","44.7","48.8","许潮","来自旧录音，压低声音快速报告","高嵩开的船，他要赶在检查前运走六桶。","时间为分镜自动草稿，待真人/模型配音后回校"
"5","E05-06","1","52.7","56.3","许知遥","逐行核对","六行编号，和货仓清单一模一样。","时间为分镜自动草稿，待真人/模型配音后回校"
"5","E05-06","2","56.7","59.3","程野","指向印章，句尾收紧","右下角，是他的私章。","时间为分镜自动草稿，待真人/模型配音后回校"
"5","E05-06","3","59.7","63.8","许潮","喘息急促","电台藏在救生圈里，位置我报过了。","时间为分镜自动草稿，待真人/模型配音后回校"
"5","E05-06","4","64.2","67.3","许潮","一边跑一边说","舱里还有孩子。","时间为分镜自动草稿，待真人/模型配音后回校"
"5","E05-07","1","67.7","70.3","许潮","没有犹豫","我回去带他出来。","时间为分镜自动草稿，待真人/模型配音后回校"
"5","E05-07","2","70.7","73.8","许知遥","第一次失去平稳","哥。","时间为分镜自动草稿，待真人/模型配音后回校"
"5","E05-07","3","74.2","77.3","许潮","录音恢复后再次出现","知遥长大以后，告诉她。","时间为分镜自动草稿，待真人/模型配音后回校"
"5","E05-07","4","77.7","80.3","许潮","声音被潮声逐渐淹没","我不是跟爸赌气跑掉的。","时间为分镜自动草稿，待真人/模型配音后回校"
"5","E05-08","1","80.7","83.8","程野","看着电台，缓慢说出","他留下证据，又回去救人。","时间为分镜自动草稿，待真人/模型配音后回校"
"5","E05-08","2","84.2","87.3","许知遥","重新稳住声音","高嵩把他的选择，改成了罪。","时间为分镜自动草稿，待真人/模型配音后回校"
"5","E05-08","3","87.7","91.3","高嵩","手机残录，断续但可辨","她的学籍和住处，都在我手里。","时间为分镜自动草稿，待真人/模型配音后回校"
"5","E05-08","4","91.7","94.8","高嵩","手机残录，尾句被杂音切断","要想保住女儿，就让他签。","时间为分镜自动草稿，待真人/模型配音后回校"
"5","E05-09","1","95.2","98.3","许知遥","眼睛停在签名上","爸不是认罪。他是在替我挡。","时间为分镜自动草稿，待真人/模型配音后回校"
"5","E05-09","2","98.7","102.8","程野","逐件确认","录音、联单、责任书，现在能互相对上。","时间为分镜自动草稿，待真人/模型配音后回校"
"5","E05-09","3","103.2","105.8","许知遥","抬头看向窗外","还差公开。","时间为分镜自动草稿，待真人/模型配音后回校"
"5","E05-10","2","109.7","112.3","程野","拿起已封闭的保护袋","去渡口。","时间为分镜自动草稿，待真人/模型配音后回校"
"6","E06-01","2","4.7","9.3","许知遥","面对高嵩，语气稳定","你拔一根线，我还有三份备份。","时间为分镜自动草稿，待真人/模型配音后回校"
"6","E06-01","3","9.7","14.3","高嵩","努力维持体面","这是拆迁仪式，不是你的修复室。","时间为分镜自动草稿，待真人/模型配音后回校"
"6","E06-02","1","14.7","18.3","程野","让每个字落清","六桶编号，都在这儿。","时间为分镜自动草稿，待真人/模型配音后回校"
"6","E06-02","2","18.7","22.3","高嵩","提高音量压住现场","一张泡烂的纸，也配叫证据？","时间为分镜自动草稿，待真人/模型配音后回校"
"6","E06-02","3","22.7","25.8","许知遥","不与他争吵","所以请所有人一起核对。","时间为分镜自动草稿，待真人/模型配音后回校"
"6","E06-03","1","26.2","29.8","许潮","旧录音里的少年声音，紧张但清楚","七月十九日，一点四十七分。","时间为分镜自动草稿，待真人/模型配音后回校"
"6","E06-03","2","30.2","33.3","许潮","急促喘息中报出位置","我还在货仓外。","时间为分镜自动草稿，待真人/模型配音后回校"
"6","E06-03","3","33.7","37.3","高嵩","控制第一次崩开","关掉！","时间为分镜自动草稿，待真人/模型配音后回校"
"6","E06-04","1","37.7","41.3","许知遥","把音量推高","你怕的不是噪声，是时间。","时间为分镜自动草稿，待真人/模型配音后回校"
"6","E06-04","2","41.7","45.8","许潮","录音里快速报告","高嵩拿了备用钥匙，亲自开船。","时间为分镜自动草稿，待真人/模型配音后回校"
"6","E06-04","3","46.2","49.3","高嵩","指向音响","那是个孩子胡说！","时间为分镜自动草稿，待真人/模型配音后回校"
"6","E06-05","1","49.7","53.3","程野","手指隔着封闭透明袋沿六行编号向下移动","六桶，不是两桶。","时间为分镜自动草稿，待真人/模型配音后回校"
"6","E06-05","2","53.7","56.8","许知遥","逐项对账","编号连续，私章也在。","时间为分镜自动草稿，待真人/模型配音后回校"
"6","E06-05","3","57.2","61.3","高嵩","退回最后一道旧结论","责任书还在，许德海洗不干净。","时间为分镜自动草稿，待真人/模型配音后回校"
"6","E06-06","1","61.7","64.8","许知遥","没有回避","责任书也会进鉴定。","时间为分镜自动草稿，待真人/模型配音后回校"
"6","E06-06","2","65.2","68.8","程野","直视高嵩","这一次，谁也扔不回水里。","时间为分镜自动草稿，待真人/模型配音后回校"
"6","E06-06","3","69.2","73.8","画外音","电话里的项目主管，急促而正式","现场拆迁暂停，所有材料原地封存。","时间为分镜自动草稿，待真人/模型配音后回校"
"6","E06-07","1","74.2","77.8","程野","让残录声穿过现场","还有你的原话，一份不少。","时间为分镜自动草稿，待真人/模型配音后回校"
"6","E06-07","2","78.2","82.3","高嵩","急着替自己定性","断断续续的东西，证明不了什么。","时间为分镜自动草稿，待真人/模型配音后回校"
"6","E06-07","3","82.7","86.3","高嵩","握着手机，声音发紧","暂停不等于翻案。","时间为分镜自动草稿，待真人/模型配音后回校"
"6","E06-08","1","86.7","90.8","许知遥","把同一台摔裂电台放到始终封闭的透明袋旁","对。接下来每一项，都公开核验。","时间为分镜自动草稿，待真人/模型配音后回校"
"6","E06-08","2","91.2","95.8","画外音","电话扩音里的正式通知，仅表示受理而非结论","此前提交的七一九事故材料已受理，启动复查。","时间为分镜自动草稿，待真人/模型配音后回校"
"6","E06-09","1","99.7","103.3","程野","站在两级石阶上","至少今天，他们停了。","时间为分镜自动草稿，待真人/模型配音后回校"
"6","E06-09","2","103.7","105.8","许知遥","整理电台的归档支架","不是为了赢。","时间为分镜自动草稿，待真人/模型配音后回校"
"6","E06-09","2","106.2","108.3","许知遥","贴好新的档案标签","是让每一件证据，都能被核验。","时间为分镜自动草稿，待真人/模型配音后回校"
