"段","镜","文件","状态","已知生成方式","参考图绑定","人物/道具一致性","后续动作"
"E01-01","1","E:\0822_codex_project\projects\shuohao-skills\experiments\tide-marks\storyboard-full-pack\E01-01\f1.png","已存在","历史素材，精确来源待补录","生成参考未记录；2026-08-24 已对照许知遥与南堤旧渡口候船厅统一参考表","通过：许知遥身份、雨衣、候船厅结构、铁盒和逐镜动作连续","保留原图；视频生成时按现有顺序上传"
"E01-01","2","E:\0822_codex_project\projects\shuohao-skills\experiments\tide-marks\storyboard-full-pack\E01-01\f2.png","已存在","历史素材，精确来源待补录","2026-08-24 连续性修复：以旧 f2 为编辑目标，保持许知遥、铁皮箱和候船厅；旧图已归档","通过：旧门明确敞开约四十度，许知遥右掌抵住门内侧向门框推合，动作不会再被解释为奔向关闭的门准备开门","使用正式 f2 修复图；E01-01 重做版本命名 v02，并与 E01-02 首 2 秒连播验收"
"E01-01","3","E:\0822_codex_project\projects\shuohao-skills\experiments\tide-marks\storyboard-full-pack\E01-01\f3.png","已存在","历史素材，精确来源待补录","生成参考未记录；2026-08-24 已对照许知遥与南堤旧渡口候船厅统一参考表","通过：许知遥身份、雨衣、候船厅结构、铁盒和逐镜动作连续","保留原图；视频生成时按现有顺序上传"
"E01-02","1","E:\0822_codex_project\projects\shuohao-skills\experiments\tide-marks\storyboard-full-pack\E01-02\f1.png","已存在","历史素材，精确来源待补录","生成参考未记录；2026-08-24 已对照许知遥、橙色应急电台与黄铜船钥匙统一参考表","通过：许知遥、候船厅、铁盒与橙色电台连续","保留原图；视频生成时按现有顺序上传"
"E01-02","2","E:\0822_codex_project\projects\shuohao-skills\experiments\tide-marks\storyboard-full-pack\E01-02\f2.png","已存在","Codex 内置图像生成·参考图条件编辑","2026-08-24 修复：挂载旧 f2 与黄铜船钥匙统一参考表；旧图已归档","通过：钥匙已修复为统一椭圆环、固定叉形齿与磨损特征；铁盒、电台和俯拍构图连续","保留修复后的正式 f2；视频生成时同时挂载钥匙与电台参考表"
"E01-02","3","E:\0822_codex_project\projects\shuohao-skills\experiments\tide-marks\storyboard-full-pack\E01-02\f3.png","已存在","历史素材，精确来源待补录","生成参考未记录；2026-08-24 已对照许知遥、橙色应急电台与黄铜船钥匙统一参考表","通过：许知遥、候船厅、铁盒与橙色电台连续","保留原图；视频生成时按现有顺序上传"
"E01-03","1","E:\0822_codex_project\projects\shuohao-skills\experiments\tide-marks\storyboard-full-pack\E01-03\f1.png","已存在","Codex 内置图像生成·精确物体编辑","2026-08-24 修复：以旧 f1 为编辑目标，移除非必要错误钥匙；旧图已归档","通过：非必要错误钥匙已移除，许知遥、电台与候船厅动作和空间连续","保留修复后的正式 f1；视频生成时以电台和许知遥为核心参考"
"E01-03","2","E:\0822_codex_project\projects\shuohao-skills\experiments\tide-marks\storyboard-full-pack\E01-03\f2.png","已存在","历史素材，精确来源待补录","生成参考未记录；2026-08-24 已对照许知遥、候船厅、橙色应急电台与黄铜船钥匙统一参考表","通过：许知遥身份、候船厅和烧蚀电台连续","保留原图；视频生成时按现有顺序上传"
"E01-03","3","E:\0822_codex_project\projects\shuohao-skills\experiments\tide-marks\storyboard-full-pack\E01-03\f3.png","已存在","历史素材，精确来源待补录","生成参考未记录；2026-08-24 已对照许知遥、候船厅、橙色应急电台与黄铜船钥匙统一参考表","通过：许知遥身份、候船厅和烧蚀电台连续","保留原图；视频生成时按现有顺序上传"
"E01-04","1","E:\0822_codex_project\projects\shuohao-skills\experiments\tide-marks\storyboard-full-pack\E01-04\f1.png","已存在","历史素材，精确来源待补录","生成参考未记录；2026-08-24 已对照许知遥、声音修复室与橙色应急电台统一参考表","通过：人物、电台烧蚀面、修复台与双屏声波空间连续","保留原图；视频生成时按现有顺序上传"
"E01-04","2","E:\0822_codex_project\projects\shuohao-skills\experiments\tide-marks\storyboard-full-pack\E01-04\f2.png","已存在","历史素材，精确来源待补录","生成参考未记录；2026-08-24 已对照许知遥、声音修复室与橙色应急电台统一参考表","通过：人物、电台烧蚀面、修复台与双屏声波空间连续","保留原图；视频生成时按现有顺序上传"
"E01-04","3","E:\0822_codex_project\projects\shuohao-skills\experiments\tide-marks\storyboard-full-pack\E01-04\f3.png","已存在","历史素材，精确来源待补录","生成参考未记录；2026-08-24 已对照许知遥、声音修复室与橙色应急电台统一参考表","通过：人物、电台烧蚀面、修复台与双屏声波空间连续","保留原图；视频生成时按现有顺序上传"
"E01-05","1","E:\0822_codex_project\projects\shuohao-skills\experiments\tide-marks\storyboard-full-pack\E01-05\f1.png","已存在","历史素材，精确来源待补录","生成参考未记录；2026-08-24 已对照许知遥与声音修复室统一参考表","通过：许知遥身份、耳机、双屏声波与调音动作连续","保留原图；视频生成时按现有顺序上传"
"E01-05","2","E:\0822_codex_project\projects\shuohao-skills\experiments\tide-marks\storyboard-full-pack\E01-05\f2.png","已存在","历史素材，精确来源待补录","生成参考未记录；2026-08-24 已对照许知遥与声音修复室统一参考表","通过：许知遥身份、耳机、双屏声波与调音动作连续","保留原图；视频生成时按现有顺序上传"
"E01-05","3","E:\0822_codex_project\projects\shuohao-skills\experiments\tide-marks\storyboard-full-pack\E01-05\f3.png","已存在","历史素材，精确来源待补录","生成参考未记录；2026-08-24 已对照许知遥与声音修复室统一参考表","通过：许知遥身份、耳机、双屏声波与调音动作连续","保留原图；视频生成时按现有顺序上传"
"E01-06","1","E:\0822_codex_project\projects\shuohao-skills\experiments\tide-marks\storyboard-full-pack\E01-06\f1.png","已存在","历史素材，精确来源待补录","生成参考未记录；2026-08-24 已对照许知遥、声音修复室与橙色应急电台统一参考表","通过：波形、暂停动作、人物表情与电台位置符合分镜；录音镜头未出现错误口型","保留原图；视频生成时严格使用 S5 画外录音与 S1 本人对白"
"E01-06","2","E:\0822_codex_project\projects\shuohao-skills\experiments\tide-marks\storyboard-full-pack\E01-06\f2.png","已存在","历史素材，精确来源待补录","生成参考未记录；2026-08-24 已对照许知遥、声音修复室与橙色应急电台统一参考表","通过：波形、暂停动作、人物表情与电台位置符合分镜；录音镜头未出现错误口型","保留原图；视频生成时严格使用 S5 画外录音与 S1 本人对白"
"E01-06","3","E:\0822_codex_project\projects\shuohao-skills\experiments\tide-marks\storyboard-full-pack\E01-06\f3.png","已存在","历史素材，精确来源待补录","生成参考未记录；2026-08-24 已对照许知遥、声音修复室与橙色应急电台统一参考表","通过：波形、暂停动作、人物表情与电台位置符合分镜；录音镜头未出现错误口型","保留原图；视频生成时严格使用 S5 画外录音与 S1 本人对白"
"E01-06","4","E:\0822_codex_project\projects\shuohao-skills\experiments\tide-marks\storyboard-full-pack\E01-06\f4.png","已存在","历史素材，精确来源待补录","生成参考未记录；2026-08-24 已对照许知遥、声音修复室与橙色应急电台统一参考表","通过：波形、暂停动作、人物表情与电台位置符合分镜；录音镜头未出现错误口型","保留原图；视频生成时严格使用 S5 画外录音与 S1 本人对白"
"E01-07","1","E:\0822_codex_project\projects\shuohao-skills\experiments\tide-marks\storyboard-full-pack\E01-07\f1.png","已存在","历史素材，精确来源待补录","生成参考未记录；2026-08-24 已对照许知遥、声音修复室与橙色应急电台统一参考表","通过：许知遥、电台、声波屏幕与闭口聆听状态连续","保留原图；视频生成时按现有顺序上传"
"E01-07","2","E:\0822_codex_project\projects\shuohao-skills\experiments\tide-marks\storyboard-full-pack\E01-07\f2.png","已存在","Codex 内置图像生成·多参考图条件编辑","2026-08-24 修复：挂载旧 f2、E01-07/f1 兄妹照和许知遥参考表；旧图已归档","通过：相框已恢复为与 f1 相同的兄妹双人旧照，许知遥身份和修复室构图连续","保留修复后的正式 f2；视频生成时将 f1 作为照片内容连续参考"
"E01-07","3","E:\0822_codex_project\projects\shuohao-skills\experiments\tide-marks\storyboard-full-pack\E01-07\f3.png","已存在","历史素材，精确来源待补录","生成参考未记录；2026-08-24 已对照许知遥、声音修复室与橙色应急电台统一参考表","通过：许知遥、电台、声波屏幕与闭口聆听状态连续","保留原图；视频生成时按现有顺序上传"
"E01-07","4","E:\0822_codex_project\projects\shuohao-skills\experiments\tide-marks\storyboard-full-pack\E01-07\f4.png","已存在","历史素材，精确来源待补录","生成参考未记录；2026-08-24 已对照许知遥、声音修复室与橙色应急电台统一参考表","通过：许知遥、电台、声波屏幕与闭口聆听状态连续","保留原图；视频生成时按现有顺序上传"
"E01-08","1","E:\0822_codex_project\projects\shuohao-skills\experiments\tide-marks\storyboard-full-pack\E01-08\f1.png","已存在","历史素材，精确来源待补录","生成参考未记录；2026-08-24 已对照许知遥、声音修复室与橙色应急电台统一参考表","通过：人物、耳机线、声波频段与调音动作连续","保留原图；视频生成时按现有顺序上传"
"E01-08","2","E:\0822_codex_project\projects\shuohao-skills\experiments\tide-marks\storyboard-full-pack\E01-08\f2.png","已存在","历史素材，精确来源待补录","生成参考未记录；2026-08-24 已对照许知遥、声音修复室与橙色应急电台统一参考表","通过：人物、耳机线、声波频段与调音动作连续","保留原图；视频生成时按现有顺序上传"
"E01-08","3","E:\0822_codex_project\projects\shuohao-skills\experiments\tide-marks\storyboard-full-pack\E01-08\f3.png","已存在","历史素材，精确来源待补录","生成参考未记录；2026-08-24 已对照许知遥、声音修复室与橙色应急电台统一参考表","通过：人物、耳机线、声波频段与调音动作连续","保留原图；视频生成时按现有顺序上传"
"E01-08","4","E:\0822_codex_project\projects\shuohao-skills\experiments\tide-marks\storyboard-full-pack\E01-08\f4.png","已存在","Codex 内置图像生成·身份保持编辑","2026-08-24 修复：挂载旧 f4 与许知遥统一参考表；旧图已归档","通过：许潮录音镜头中许知遥嘴唇已完全闭合，人物、电台、声波屏幕和眼神反应连续","保留修复后的正式 f4；视频生成时保持 S5 画外录音且许知遥全程闭口"
"E01-09","1","E:\0822_codex_project\projects\shuohao-skills\experiments\tide-marks\storyboard-full-pack\E01-09\f1.png","已存在","历史素材，精确来源待补录","生成参考未记录；2026-08-24 已对照许知遥、声音修复室与橙色应急电台统一参考表","通过：人物、带印章和签字的旧责任文件、电台与证据台动作符合分镜","保留原图；文件内容继续保持不可读，不在视频中生成文字特写"
"E01-09","2","E:\0822_codex_project\projects\shuohao-skills\experiments\tide-marks\storyboard-full-pack\E01-09\f2.png","已存在","历史素材，精确来源待补录","生成参考未记录；2026-08-24 已对照许知遥、声音修复室与橙色应急电台统一参考表","通过：人物、带印章和签字的旧责任文件、电台与证据台动作符合分镜","保留原图；文件内容继续保持不可读，不在视频中生成文字特写"
"E01-09","3","E:\0822_codex_project\projects\shuohao-skills\experiments\tide-marks\storyboard-full-pack\E01-09\f3.png","已存在","历史素材，精确来源待补录","生成参考未记录；2026-08-24 已对照许知遥、声音修复室与橙色应急电台统一参考表","通过：人物、带印章和签字的旧责任文件、电台与证据台动作符合分镜","保留原图；文件内容继续保持不可读，不在视频中生成文字特写"
"E01-09","4","E:\0822_codex_project\projects\shuohao-skills\experiments\tide-marks\storyboard-full-pack\E01-09\f4.png","已存在","历史素材，精确来源待补录","生成参考未记录；2026-08-24 已对照许知遥、声音修复室与橙色应急电台统一参考表","通过：人物、带印章和签字的旧责任文件、电台与证据台动作符合分镜","保留原图；文件内容继续保持不可读，不在视频中生成文字特写"
"E01-10","1","E:\0822_codex_project\projects\shuohao-skills\experiments\tide-marks\storyboard-full-pack\E01-10\f1.png","已存在","历史素材，精确来源待补录","生成参考未记录；2026-08-24 已对照许知遥、声音修复室、橙色应急电台与黄铜船钥匙统一参考表","通过：三份波形副本、时间线操作、电台报警与空间连续","保留原图；视频生成时按现有顺序上传"
"E01-10","2","E:\0822_codex_project\projects\shuohao-skills\experiments\tide-marks\storyboard-full-pack\E01-10\f2.png","已存在","历史素材，精确来源待补录","生成参考未记录；2026-08-24 已对照许知遥、声音修复室、橙色应急电台与黄铜船钥匙统一参考表","通过：三份波形副本、时间线操作、电台报警与空间连续","保留原图；视频生成时按现有顺序上传"
"E01-10","3","E:\0822_codex_project\projects\shuohao-skills\experiments\tide-marks\storyboard-full-pack\E01-10\f3.png","已存在","历史素材，精确来源待补录","生成参考未记录；2026-08-24 已对照许知遥、声音修复室、橙色应急电台与黄铜船钥匙统一参考表","通过：三份波形副本、时间线操作、电台报警与空间连续","保留原图；视频生成时按现有顺序上传"
"E01-10","4","E:\0822_codex_project\projects\shuohao-skills\experiments\tide-marks\storyboard-full-pack\E01-10\f4.png","已存在","Codex 内置图像生成·参考图条件编辑","2026-08-24 修复：挂载旧 f4 与黄铜船钥匙统一参考表；旧图已归档","通过：钥匙近景已统一为椭圆环、固定叉形齿、黑化磨损与环部压力痕；电台和声波屏幕构图保留","保留修复后的正式 f4；作为后续所有钥匙近景的连续参考"
"E02-01","1","E:\0822_codex_project\projects\shuohao-skills\experiments\tide-marks\storyboard-full-pack\E02-01\f1.png","已存在","历史素材，精确来源待补录","生成参考未记录；2026-08-24 已对照许知遥、程野、声音修复室与橙色应急电台统一参考表","通过：两位角色身份、服装、修复室空间、电台和证据纸连续","保留原图；视频生成时按现有顺序上传"
"E02-01","2","E:\0822_codex_project\projects\shuohao-skills\experiments\tide-marks\storyboard-full-pack\E02-01\f2.png","已存在","历史素材，精确来源待补录","生成参考未记录；2026-08-24 已对照许知遥、程野、声音修复室与橙色应急电台统一参考表","通过：两位角色身份、服装、修复室空间、电台和证据纸连续","保留原图；视频生成时按现有顺序上传"
"E02-01","3","E:\0822_codex_project\projects\shuohao-skills\experiments\tide-marks\storyboard-full-pack\E02-01\f3.png","已存在","历史素材，精确来源待补录","生成参考未记录；2026-08-24 已对照许知遥、程野、声音修复室与橙色应急电台统一参考表","通过：两位角色身份、服装、修复室空间、电台和证据纸连续","保留原图；视频生成时按现有顺序上传"
"E02-01","4","E:\0822_codex_project\projects\shuohao-skills\experiments\tide-marks\storyboard-full-pack\E02-01\f4.png","已存在","历史素材，精确来源待补录","生成参考未记录；2026-08-24 已对照许知遥、程野、声音修复室与橙色应急电台统一参考表","通过：两位角色身份、服装、修复室空间、电台和证据纸连续","保留原图；视频生成时按现有顺序上传"
"E02-02","1","E:\0822_codex_project\projects\shuohao-skills\experiments\tide-marks\storyboard-full-pack\E02-02\f1.png","已存在","历史素材，精确来源待补录","生成参考未记录；2026-08-24 已对照许知遥、程野、声音修复室与橙色应急电台统一参考表","通过：两位角色、电台和聆听反应连续；可见人物没有替画外录音错误张嘴","保留原图；视频生成时保持录音为画外声"
"E02-02","2","E:\0822_codex_project\projects\shuohao-skills\experiments\tide-marks\storyboard-full-pack\E02-02\f2.png","已存在","历史素材，精确来源待补录","生成参考未记录；2026-08-24 已对照许知遥、程野、声音修复室与橙色应急电台统一参考表","通过：两位角色、电台和聆听反应连续；可见人物没有替画外录音错误张嘴","保留原图；视频生成时保持录音为画外声"
"E02-02","3","E:\0822_codex_project\projects\shuohao-skills\experiments\tide-marks\storyboard-full-pack\E02-02\f3.png","已存在","历史素材，精确来源待补录","生成参考未记录；2026-08-24 已对照许知遥、程野、声音修复室与橙色应急电台统一参考表","通过：两位角色、电台和聆听反应连续；可见人物没有替画外录音错误张嘴","保留原图；视频生成时保持录音为画外声"
"E02-03","1","E:\0822_codex_project\projects\shuohao-skills\experiments\tide-marks\storyboard-full-pack\E02-03\f1.png","已存在","历史素材，精确来源待补录","生成参考未记录；2026-08-24 已对照许知遥、程野与声音修复室统一参考表","通过：双人对话、声波屏幕与证据纸连续，f3 的两个时间标记清楚可见","保留原图；时间标记保持为抽象短线，不生成可读界面文字"
"E02-03","2","E:\0822_codex_project\projects\shuohao-skills\experiments\tide-marks\storyboard-full-pack\E02-03\f2.png","已存在","历史素材，精确来源待补录","生成参考未记录；2026-08-24 已对照许知遥、程野与声音修复室统一参考表","通过：双人对话、声波屏幕与证据纸连续，f3 的两个时间标记清楚可见","保留原图；时间标记保持为抽象短线，不生成可读界面文字"
"E02-03","3","E:\0822_codex_project\projects\shuohao-skills\experiments\tide-marks\storyboard-full-pack\E02-03\f3.png","已存在","历史素材，精确来源待补录","生成参考未记录；2026-08-24 已对照许知遥、程野与声音修复室统一参考表","通过：双人对话、声波屏幕与证据纸连续，f3 的两个时间标记清楚可见","保留原图；时间标记保持为抽象短线，不生成可读界面文字"
"E02-03","4","E:\0822_codex_project\projects\shuohao-skills\experiments\tide-marks\storyboard-full-pack\E02-03\f4.png","已存在","历史素材，精确来源待补录","生成参考未记录；2026-08-24 已对照许知遥、程野与声音修复室统一参考表","通过：双人对话、声波屏幕与证据纸连续，f3 的两个时间标记清楚可见","保留原图；时间标记保持为抽象短线，不生成可读界面文字"
"E02-04","1","E:\0822_codex_project\projects\shuohao-skills\experiments\tide-marks\storyboard-full-pack\E02-04\f1.png","已存在","Codex 内置图像生成·多参考图条件编辑","2026-08-24 参考图条件修复：许知遥、程野、统一修复室、官方电台与 E02-01 合格空间锚点；旧图已归档","通过：三镜已回到灰黑吸音板、金属工作台、小型铁丝玻璃窗与波形屏组成的统一修复室；官方橙色电台和双人身份连续","保留修复后的 f1-f3；视频生成按双人追问、握椅背、程野供述的顺序使用"
"E02-04","2","E:\0822_codex_project\projects\shuohao-skills\experiments\tide-marks\storyboard-full-pack\E02-04\f2.png","已存在","Codex 内置图像生成·多参考图条件编辑","2026-08-24 参考图条件修复：许知遥、程野、统一修复室、官方电台与 E02-01 合格空间锚点；旧图已归档","通过：三镜已回到灰黑吸音板、金属工作台、小型铁丝玻璃窗与波形屏组成的统一修复室；官方橙色电台和双人身份连续","保留修复后的 f1-f3；视频生成按双人追问、握椅背、程野供述的顺序使用"
"E02-04","3","E:\0822_codex_project\projects\shuohao-skills\experiments\tide-marks\storyboard-full-pack\E02-04\f3.png","已存在","Codex 内置图像生成·多参考图条件编辑","2026-08-24 参考图条件修复：许知遥、程野、统一修复室、官方电台与 E02-01 合格空间锚点；旧图已归档","通过：三镜已回到灰黑吸音板、金属工作台、小型铁丝玻璃窗与波形屏组成的统一修复室；官方橙色电台和双人身份连续","保留修复后的 f1-f3；视频生成按双人追问、握椅背、程野供述的顺序使用"
"E02-05","1","E:\0822_codex_project\projects\shuohao-skills\experiments\tide-marks\storyboard-full-pack\E02-05\f1.png","已存在","Codex 内置图像生成·多参考图条件编辑","2026-08-24 参考图条件修复：两位角色、统一修复室、官方电台、黄铜船钥匙与父亲照片；旧图已归档","通过：五镜均保持统一修复室、两位角色、波形屏和单一官方电台；人物追问到离开房间的动作链连续","保留修复后的 f1-f5；f5 作为动作末端，视频从抓起钥匙迈步开始并以到达门边结束"
"E02-05","2","E:\0822_codex_project\projects\shuohao-skills\experiments\tide-marks\storyboard-full-pack\E02-05\f2.png","已存在","Codex 内置图像生成·多参考图条件编辑","2026-08-24 参考图条件修复：两位角色、统一修复室、官方电台、黄铜船钥匙与父亲照片；旧图已归档","通过：五镜均保持统一修复室、两位角色、波形屏和单一官方电台；人物追问到离开房间的动作链连续","保留修复后的 f1-f5；f5 作为动作末端，视频从抓起钥匙迈步开始并以到达门边结束"
"E02-05","3","E:\0822_codex_project\projects\shuohao-skills\experiments\tide-marks\storyboard-full-pack\E02-05\f3.png","已存在","Codex 内置图像生成·多参考图条件编辑","2026-08-24 参考图条件修复：两位角色、统一修复室、官方电台、黄铜船钥匙与父亲照片；旧图已归档","通过：双人同时转向父亲照片，背景只保留一台官方橙色电台，空间锚点清楚","保留修复后的 f3；照片只作为视觉证据，不生成可读文字"
"E02-05","4","E:\0822_codex_project\projects\shuohao-skills\experiments\tide-marks\storyboard-full-pack\E02-05\f4.png","已存在","Codex 内置图像生成·多参考图条件编辑","2026-08-24 参考图条件修复：两位角色、统一修复室、官方电台、黄铜船钥匙与父亲照片；旧图已归档","通过：五镜均保持统一修复室、两位角色、波形屏和单一官方电台；人物追问到离开房间的动作链连续","保留修复后的 f1-f5；f5 作为动作末端，视频从抓起钥匙迈步开始并以到达门边结束"
"E02-05","5","E:\0822_codex_project\projects\shuohao-skills\experiments\tide-marks\storyboard-full-pack\E02-05\f5.png","已存在","Codex 内置图像生成·多参考图条件编辑","2026-08-24 参考图条件修复：两位角色、统一修复室、官方电台、黄铜船钥匙与父亲照片；旧图已归档","通过：钥匙为厚椭圆环、黑化长柄和叉形双齿；许知遥已到门边，程野紧随其后","保留修复后的 f5；图生视频从抓钥匙迈步开始，以 f5 的到门边姿态结束"
"E02-06","1","E:\0822_codex_project\projects\shuohao-skills\experiments\tide-marks\storyboard-full-pack\E02-06\f1.png","已存在","Codex 内置图像生成·多参考图条件编辑","2026-08-24 参考图条件修复：两位角色、货仓、黄铜船钥匙、银色新挂锁与原合格 f4；旧图已归档","通过：宽景只露出厚椭圆环和部分黑化长柄，错误普通侧齿不再可见；完整几何由 f2/f3 接续","保留修复后的 f1 v9；视频阶段用 f2/f3 或钥匙表约束模型补画"
"E02-06","2","E:\0822_codex_project\projects\shuohao-skills\experiments\tide-marks\storyboard-full-pack\E02-06\f2.png","已存在","Codex 内置图像生成·多参考图条件编辑","2026-08-24 参考图条件修复：两位角色、货仓、黄铜船钥匙、银色新挂锁与原合格 f4；旧图已归档","通过：钥匙进入银色新挂锁正面锁芯而不是旧门栓孔，无法转动的动作关系正确","保留修复后的 f2；银色挂锁与旧锈门栓必须保持为两个不同物体"
"E02-06","3","E:\0822_codex_project\projects\shuohao-skills\experiments\tide-marks\storyboard-full-pack\E02-06\f3.png","已存在","Codex 内置图像生成·多参考图条件编辑","2026-08-24 参考图条件修复：两位角色、货仓、黄铜船钥匙、银色新挂锁与原合格 f4；旧图已归档","通过：钥匙厚椭圆环、黑化长柄、盐白磨损与完整叉形双齿清楚","保留修复后的 f3；作为后续钥匙几何的近景锚点"
"E02-06","4","E:\0822_codex_project\projects\shuohao-skills\experiments\tide-marks\storyboard-full-pack\E02-06\f4.png","已存在","Codex 内置图像生成·纯文本模式","2026-08-24 参考图条件修复：两位角色、货仓、黄铜船钥匙、银色新挂锁与原合格 f4；旧图已归档","通过：程野身份、侧门位置、推门动作与仓库入口关系清楚","保留原 f4；作为本段末帧和下一段空间参考"
"E02-07","1","E:\0822_codex_project\projects\shuohao-skills\experiments\tide-marks\storyboard-full-pack\E02-07\f1.png","已存在","Codex 内置图像生成·多参考图条件编辑","2026-08-24 参考图条件修复：两位角色、货仓、黄铜船钥匙、官方橙色电台与 E02-06/f4；旧图已归档","通过：三镜均使用官方斜栅矩形电台，错误圆形大喇叭已移除；f1 的钥匙全轮廓、双人身份和货仓轴线连续","保留修复后的 f1-f3；视频生成保持电台外壳、天线与墙上琥珀报警器稳定，不自行变形"
"E02-07","2","E:\0822_codex_project\projects\shuohao-skills\experiments\tide-marks\storyboard-full-pack\E02-07\f2.png","已存在","Codex 内置图像生成·多参考图条件编辑","2026-08-24 参考图条件修复：两位角色、货仓、黄铜船钥匙、官方橙色电台与 E02-06/f4；旧图已归档","通过：三镜均使用官方斜栅矩形电台，错误圆形大喇叭已移除；f1 的钥匙全轮廓、双人身份和货仓轴线连续","保留修复后的 f1-f3；视频生成保持电台外壳、天线与墙上琥珀报警器稳定，不自行变形"
"E02-07","3","E:\0822_codex_project\projects\shuohao-skills\experiments\tide-marks\storyboard-full-pack\E02-07\f3.png","已存在","Codex 内置图像生成·多参考图条件编辑","2026-08-24 参考图条件修复：两位角色、货仓、黄铜船钥匙、官方橙色电台与 E02-06/f4；旧图已归档","通过：三镜均使用官方斜栅矩形电台，错误圆形大喇叭已移除；f1 的钥匙全轮廓、双人身份和货仓轴线连续","保留修复后的 f1-f3；视频生成保持电台外壳、天线与墙上琥珀报警器稳定，不自行变形"
"E02-08","1","E:\0822_codex_project\projects\shuohao-skills\experiments\tide-marks\storyboard-full-pack\E02-08\f1.png","已存在","Codex 内置图像生成·多参考图条件编辑","2026-08-24 参考图条件修复：两位角色、旧渡口货仓与黄铜船钥匙；旧图已归档","通过：四镜中的钥匙已统一为厚椭圆环、黑化短轴与叉形双齿；接近消防柜、插锁开门、发现日志、取出日志的动作链完整","保留修复后的 f1-f4；视频阶段严格按柜门关闭到打开的顺序，不提前出现日志"
"E02-08","2","E:\0822_codex_project\projects\shuohao-skills\experiments\tide-marks\storyboard-full-pack\E02-08\f2.png","已存在","Codex 内置图像生成·多参考图条件编辑","2026-08-24 参考图条件修复：两位角色、旧渡口货仓与黄铜船钥匙；旧图已归档","通过：叉形双齿进入锁芯后按物理关系不可见，厚椭圆环、手部和柜门弹开动作自然","保留修复后的 f2；不要在视频中把已插入锁芯的齿部额外生成在外侧"
"E02-08","3","E:\0822_codex_project\projects\shuohao-skills\experiments\tide-marks\storyboard-full-pack\E02-08\f3.png","已存在","Codex 内置图像生成·多参考图条件编辑","2026-08-24 参考图条件修复：两位角色、旧渡口货仓与黄铜船钥匙；旧图已归档","通过：四镜中的钥匙已统一为厚椭圆环、黑化短轴与叉形双齿；接近消防柜、插锁开门、发现日志、取出日志的动作链完整","保留修复后的 f1-f4；视频阶段严格按柜门关闭到打开的顺序，不提前出现日志"
"E02-08","4","E:\0822_codex_project\projects\shuohao-skills\experiments\tide-marks\storyboard-full-pack\E02-08\f4.png","已存在","Codex 内置图像生成·多参考图条件编辑","2026-08-24 参考图条件修复：两位角色、旧渡口货仓与黄铜船钥匙；旧图已归档","通过：许知遥扶门持钥匙、程野取出霉变日志，人物与道具关系清楚","保留修复后的 f4；视频运动保持钥匙尺度和日志封面稳定"
"E02-09","1","E:\0822_codex_project\projects\shuohao-skills\experiments\tide-marks\storyboard-full-pack\E02-09\f1.png","已存在","Codex 内置图像生成·纯文本模式","2026-08-24 参考图条件修复：两位角色、货仓、官方橙色电台与原合格 f1；旧图已归档","通过：许知遥与程野身份、发霉值班日志和俯身阅读动作连续","保留原 f1；作为人物、日志与台面连续参考"
"E02-09","2","E:\0822_codex_project\projects\shuohao-skills\experiments\tide-marks\storyboard-full-pack\E02-09\f2.png","已存在","Codex 内置图像生成·多参考图条件编辑","2026-08-24 参考图条件修复：两位角色、货仓、官方橙色电台与原合格 f1；旧图已归档","通过：f1 原合格日志阅读镜头保留；f2/f3 已统一官方斜栅电台，日志、证据桌、人物和开柜背景连续","保留原 f1 与修复后的 f2/f3；视频阶段保持电台天线、破损电池仓和日志静止稳定"
"E02-09","3","E:\0822_codex_project\projects\shuohao-skills\experiments\tide-marks\storyboard-full-pack\E02-09\f3.png","已存在","Codex 内置图像生成·多参考图条件编辑","2026-08-24 参考图条件修复：两位角色、货仓、官方橙色电台与原合格 f1；旧图已归档","通过：f1 原合格日志阅读镜头保留；f2/f3 已统一官方斜栅电台，日志、证据桌、人物和开柜背景连续","保留原 f1 与修复后的 f2/f3；视频阶段保持电台天线、破损电池仓和日志静止稳定"
"E02-10","1","E:\0822_codex_project\projects\shuohao-skills\experiments\tide-marks\storyboard-full-pack\E02-10\f1.png","已存在","Codex 内置图像生成·多参考图条件编辑","2026-08-24 参考图条件修复：两位角色、货仓、官方橙色电台、E02-09 修复帧与原合格 f2/f3；旧图已归档","通过：f1 的证据桌电台已恢复官方型号，双人、日志、开柜和消防软管卷盘连续；f2/f3 原合格镜头保留","保留修复后的 f1 与原 f2/f3；视频阶段保持前景电台静止、天线不自行伸缩，柜内圆盘保持消防软管卷盘"
"E02-10","2","E:\0822_codex_project\projects\shuohao-skills\experiments\tide-marks\storyboard-full-pack\E02-10\f2.png","已存在","Codex 内置图像生成·纯文本模式","2026-08-24 参考图条件修复：两位角色、货仓、官方橙色电台、E02-09 修复帧与原合格 f2/f3；旧图已归档","通过：许知遥身份、闭口前状态与逼问构图符合分镜，画面未暴露错误核心道具","保留原 f2；作为人物近景参考"
"E02-10","3","E:\0822_codex_project\projects\shuohao-skills\experiments\tide-marks\storyboard-full-pack\E02-10\f3.png","已存在","Codex 内置图像生成·纯文本模式","2026-08-24 参考图条件修复：两位角色、货仓、官方橙色电台、E02-09 修复帧与原合格 f2/f3；旧图已归档","通过：两人身份、仓库纵深、消防柜位置与望向黑暗的结尾构图连续","保留原 f3；作为本集末帧和下一段空间参考"
"E03-01","1","E:\0822_codex_project\projects\shuohao-skills\experiments\tide-marks\storyboard-full-pack\E03-01\f1.png","已存在","Codex 内置图像生成·参考图条件生成","已挂载 2 张参考图","通过：高嵩脸型/服装/手表、仓库红色消防柜、湿台面、压住纸张动作一致","实际提示词：storyboard-full-pack/E03-01/actual-generation/f1.md"
"E03-01","2","E:\0822_codex_project\projects\shuohao-skills\experiments\tide-marks\storyboard-full-pack\E03-01\f2.png","已存在","Codex 内置图像生成·参考图条件生成","已挂载 3 张参考图","通过：许知遥身份/雨衣/耳机、湿台面、旧纸证据和空间锚点连续","实际提示词：storyboard-full-pack/E03-01/actual-generation/f2.md"
"E03-01","3","E:\0822_codex_project\projects\shuohao-skills\experiments\tide-marks\storyboard-full-pack\E03-01\f3.png","已存在","Codex 内置图像生成·参考图条件编辑","已挂载 1 张参考图","通过：已移除提前出现的私章与六桶清单；程野在发霉值班日志和事故记录之间核对时间冲突，人物、湿台面和仓库空间连续","实际提示词：storyboard-full-pack/E03-01/actual-generation/f3.md"
"E03-02","1","E:\0822_codex_project\projects\shuohao-skills\experiments\tide-marks\storyboard-full-pack\E03-02\f1.png","已存在","Codex 内置图像生成·参考图条件生成","已挂载 2 张参考图","通过：高嵩身份/西装/手表、整理袖口动作、货仓红色消防柜连续","实际提示词：storyboard-full-pack/E03-02/actual-generation/README.md#f1"
"E03-02","2","E:\0822_codex_project\projects\shuohao-skills\experiments\tide-marks\storyboard-full-pack\E03-02\f2.png","已存在","Codex 内置图像生成·参考图条件生成","已挂载 4 张参考图","通过：许知遥身份/雨衣/耳机、橙色电台烧蚀外观、霉变日志和货仓连续","实际提示词：storyboard-full-pack/E03-02/actual-generation/README.md#f2"
"E03-02","3","E:\0822_codex_project\projects\shuohao-skills\experiments\tide-marks\storyboard-full-pack\E03-02\f3.png","已存在","Codex 内置图像生成·参考图条件生成","已挂载 3 张参考图","通过：高嵩跨镜身份、服装和货仓空间一致，表情从温和转为隐性威胁","实际提示词：storyboard-full-pack/E03-02/actual-generation/README.md#f3"
"E03-03","1","E:\0822_codex_project\projects\shuohao-skills\experiments\tide-marks\storyboard-full-pack\E03-03\f1.png","已存在","Codex 内置图像生成·参考图条件生成","已挂载 4 张参考图","通过：许知遥与高嵩双人身份、服装、湿台面、责任书推送动作和货仓空间连续","实际提示词：storyboard-full-pack/E03-03/actual-generation/README.md#f1"
"E03-03","2","E:\0822_codex_project\projects\shuohao-skills\experiments\tide-marks\storyboard-full-pack\E03-03\f2.png","已存在","Codex 内置图像生成·单张合并参考锚点","已挂载 1 张参考图","通过：许知遥身份/雨衣/耳机、责任书、湿台面和红色消防柜连续；多图接口失败后使用本段 f1 单锚点成功","实际提示词：storyboard-full-pack/E03-03/actual-generation/README.md#f2-最终成功版本"
"E03-03","3","E:\0822_codex_project\projects\shuohao-skills\experiments\tide-marks\storyboard-full-pack\E03-03\f3.png","已存在","Codex 内置图像生成·单张合并参考锚点","已挂载 1 张参考图","通过：许知遥/程野双人身份、工装与耳机、橙色电台和货仓连续；电台以既有 E02-07 合并镜头为锚点","实际提示词：storyboard-full-pack/E03-03/actual-generation/README.md#f3"
"E03-04","1","E:\0822_codex_project\projects\shuohao-skills\experiments\tide-marks\storyboard-full-pack\E03-04\f1.png","已存在","Codex 内置图像生成·单张合并参考锚点","已挂载 1 张参考图","通过：程野身份/胡茬/工装、护住电台动作、橙色电台及湿台面连续","实际提示词：storyboard-full-pack/E03-04/actual-generation/README.md#f1"
"E03-04","2","E:\0822_codex_project\projects\shuohao-skills\experiments\tide-marks\storyboard-full-pack\E03-04\f2.png","已存在","Codex 内置图像生成·单张合并参考锚点","已挂载 1 张参考图","通过：高嵩身份/西装、转身走向门口动作、红色消防柜/门洞/湿地面连续","实际提示词：storyboard-full-pack/E03-04/actual-generation/README.md#f2"
"E03-04","3","E:\0822_codex_project\projects\shuohao-skills\experiments\tide-marks\storyboard-full-pack\E03-04\f3.png","已存在","Codex 内置图像生成·单张合并参考锚点","已挂载 1 张参考图","通过：高嵩跨镜身份/服装、门口回望姿态和冷静威胁表情连续","实际提示词：storyboard-full-pack/E03-04/actual-generation/README.md#f3"
"E03-05","1","E:\0822_codex_project\projects\shuohao-skills\experiments\tide-marks\storyboard-full-pack\E03-05\f1.png","已存在","Codex 内置图像生成·单张合并参考锚点","已挂载 1 张参考图","通过：程野身份/工装、消防柜、仓库门洞连续；高嵩作为远处背影接电话离场，双人动作关系清晰","实际提示词：storyboard-full-pack/E03-05/actual-generation/README.md#f1"
"E03-05","2","E:\0822_codex_project\projects\shuohao-skills\experiments\tide-marks\storyboard-full-pack\E03-05\f2.png","已存在","Codex 内置图像生成·单张合并参考锚点","已挂载 1 张参考图","通过：程野身份/工装、箱式橙色应急电台、消防柜夹层和油纸清单连续；首个候选因误画成手持对讲机未采用","实际提示词：storyboard-full-pack/E03-05/actual-generation/README.md#f2-最终接受版本"
"E03-06","1","E:\0822_codex_project\projects\shuohao-skills\experiments\tide-marks\storyboard-full-pack\E03-06\f1.png","已存在","Codex 内置图像生成·单张合并参考锚点","已挂载 1 张参考图","通过：许知遥身份/雨衣/耳机、手机留存证据动作、六行表格结构和单枚私章清晰；高嵩本人未入镜","实际提示词：storyboard-full-pack/E03-06/actual-generation/README.md#f1"
"E03-06","2","E:\0822_codex_project\projects\shuohao-skills\experiments\tide-marks\storyboard-full-pack\E03-06\f2.png","已存在","Codex 内置图像生成·单张合并参考锚点","已挂载 1 张参考图","通过：许知遥/程野双人身份、黄铜钥匙、油纸清单和湿台面连续；交接与检查动作清楚","实际提示词：storyboard-full-pack/E03-06/actual-generation/README.md#f2"
"E03-06","3","E:\0822_codex_project\projects\shuohao-skills\experiments\tide-marks\storyboard-full-pack\E03-06\f3.png","已存在","Codex 内置图像生成·单张合并参考锚点","已挂载 1 张参考图","通过：程野身份/工装和黄铜钥匙连续；压痕改为局部夹压变形，强化不是普通磨损的视觉信息","实际提示词：storyboard-full-pack/E03-06/actual-generation/README.md#f3"
"E03-07","1","E:\0822_codex_project\projects\shuohao-skills\experiments\tide-marks\storyboard-full-pack\E03-07\f1.png","已存在","Codex 内置图像生成·单张合并参考锚点","已挂载 1 张参考图","通过：许知遥身份/雨衣/耳机、箱式橙色电台、修复室和外接读取器连续；副本插入位置正确","实际提示词：storyboard-full-pack/E03-07/actual-generation/README.md#f1"
"E03-07","2","E:\0822_codex_project\projects\shuohao-skills\experiments\tide-marks\storyboard-full-pack\E03-07\f2.png","已存在","Codex 内置图像生成·单张合并参考锚点","已挂载 1 张参考图","通过：许知遥单耳监听姿态、电台和修复台连续；蜂鸣峰值后微弱人声波形关系清楚","实际提示词：storyboard-full-pack/E03-07/actual-generation/README.md#f2"
"E03-07","3","E:\0822_codex_project\projects\shuohao-skills\experiments\tide-marks\storyboard-full-pack\E03-07\f3.png","已存在","Codex 内置图像生成·单张合并参考锚点","已挂载 1 张参考图","通过：许知遥/程野双人身份、修复室门、控制台和电台连续；关门与调低频双层动作清楚","实际提示词：storyboard-full-pack/E03-07/actual-generation/README.md#f3"
"E03-07","4","E:\0822_codex_project\projects\shuohao-skills\experiments\tide-marks\storyboard-full-pack\E03-07\f4.png","已存在","Codex 内置图像生成·单张合并参考锚点","已挂载 1 张参考图","通过：许知遥/程野身份和修复室连续；两人闭口静默聆听，许潮只作为画外录音；首个候选因程野嘴唇略张未采用","实际提示词：storyboard-full-pack/E03-07/actual-generation/README.md#f4-最终接受版本"
"E03-08","1","E:\0822_codex_project\projects\shuohao-skills\experiments\tide-marks\storyboard-full-pack\E03-08\f1.png","已存在","Codex 内置图像生成·单张合并参考锚点","已挂载 1 张参考图","通过：许知遥身份、播放键悬停动作、单耳监听、电台与波形连续","实际提示词：storyboard-full-pack/E03-08/actual-generation/README.md#f1"
"E03-08","2","E:\0822_codex_project\projects\shuohao-skills\experiments\tide-marks\storyboard-full-pack\E03-08\f2.png","已存在","Codex 内置图像生成·单张合并参考锚点","已挂载 1 张参考图","通过：程野身份/工装、修复室和波形屏连续；证据链判断与说话口型清楚","实际提示词：storyboard-full-pack/E03-08/actual-generation/README.md#f2"
"E03-08","3","E:\0822_codex_project\projects\shuohao-skills\experiments\tide-marks\storyboard-full-pack\E03-08\f3.png","已存在","Codex 内置图像生成·单张合并参考锚点","已挂载 1 张参考图","通过：许知遥/程野闭口反应、电台、铁门撞击峰值和后续人声波形清楚；许德海不入镜","实际提示词：storyboard-full-pack/E03-08/actual-generation/README.md#f3"
"E03-08","4","E:\0822_codex_project\projects\shuohao-skills\experiments\tide-marks\storyboard-full-pack\E03-08\f4.png","已存在","Codex 内置图像生成·单张合并参考锚点","已挂载 1 张参考图","通过：双人闭口聆听、电台/波形连续；黄铜钥匙落在控制台形成证据关联，许潮仅为画外录音","实际提示词：storyboard-full-pack/E03-08/actual-generation/README.md#f4"
"E03-09","1","E:\0822_codex_project\projects\shuohao-skills\experiments\tide-marks\storyboard-full-pack\E03-09\f1.png","已存在","Codex 内置图像生成·单张合并参考锚点","已挂载 1 张参考图","通过：许知遥身份、修复室、电台与波形连续；起身陈述动作明确","实际提示词：storyboard-full-pack/E03-09/actual-generation/README.md#f1"
"E03-09","2","E:\0822_codex_project\projects\shuohao-skills\experiments\tide-marks\storyboard-full-pack\E03-09\f2.png","已存在","Codex 内置图像生成·单张合并参考锚点","已挂载 1 张参考图","通过：双人闭口、钥匙/电台和远处命令波形连续；高嵩仅为录音","实际提示词：storyboard-full-pack/E03-09/actual-generation/README.md#f2"
"E03-09","3","E:\0822_codex_project\projects\shuohao-skills\experiments\tide-marks\storyboard-full-pack\E03-09\f3.png","已存在","Codex 内置图像生成·单张合并参考锚点","已挂载 1 张参考图","通过：发动机低频覆盖报警峰值的波形层次、双人闭口和画外许潮录音明确","实际提示词：storyboard-full-pack/E03-09/actual-generation/README.md#f3"
"E03-09","4","E:\0822_codex_project\projects\shuohao-skills\experiments\tide-marks\storyboard-full-pack\E03-09\f4.png","已存在","Codex 内置图像生成·单张合并参考锚点","已挂载 1 张参考图","通过：许知遥独自摘下耳机并说出结论；高嵩未被错误生成到修复室","实际提示词：storyboard-full-pack/E03-09/actual-generation/README.md#f4"
"E03-10","1","E:\0822_codex_project\projects\shuohao-skills\experiments\tide-marks\storyboard-full-pack\E03-10\f1.png","已存在","Codex 内置图像生成·多参考图条件生成","已挂载 3 张参考图","通过：程野身份/工装、双份受潮证据、私章指向动作和修复室波形锚点清楚；仅程野出镜","实际提示词：storyboard-full-pack/E03-10/actual-generation/README.md#f1"
"E03-10","2","E:\0822_codex_project\projects\shuohao-skills\experiments\tide-marks\storyboard-full-pack\E03-10\f2.png","已存在","Codex 内置图像生成·多参考图条件生成","已挂载 3 张参考图","通过：许知遥身份/雨衣/耳机、两份证据和修复室连续；克制审慎口型清楚，程野保持画外","实际提示词：storyboard-full-pack/E03-10/actual-generation/README.md#f2"
"E03-10","3","E:\0822_codex_project\projects\shuohao-skills\experiments\tide-marks\storyboard-full-pack\E03-10\f3.png","已存在","Codex 内置图像生成·多参考图条件生成","已挂载 3 张参考图","通过：许知遥/程野闭口监听、耳机/控制台/电台和波形连续；空白段后的脚步峰值清楚，许潮不入镜","实际提示词：storyboard-full-pack/E03-10/actual-generation/README.md#f3"
"E04-01","1","E:\0822_codex_project\projects\shuohao-skills\experiments\tide-marks\storyboard-full-pack\E04-01\f1.png","已存在","Codex 内置图像生成·多参考图条件生成","2026-08-24 参考图条件初次生成：严格按 frame-prompts 的源参考顺序，并用相邻候选锁定人物、空间与道具连续性；完整实际提示词见 actual-generation 记录。","通过：许知遥抱住官方电台，高嵩横臂拦路但未触碰；双人身份、门口轴线和说话者正确","保留正式 f1；后续图生视频必须以本帧和相邻帧共同约束动作阶段。"
"E04-01","2","E:\0822_codex_project\projects\shuohao-skills\experiments\tide-marks\storyboard-full-pack\E04-01\f2.png","已存在","Codex 内置图像生成·多参考图条件生成","2026-08-24 参考图条件初次生成：严格按 frame-prompts 的源参考顺序，并用相邻候选锁定人物、空间与道具连续性；完整实际提示词见 actual-generation 记录。","通过：仅许知遥出镜并护住官方电台，冷静拒绝的讲话口型与单灯货仓连续","保留正式 f2；后续图生视频必须以本帧和相邻帧共同约束动作阶段。"
"E04-01","3","E:\0822_codex_project\projects\shuohao-skills\experiments\tide-marks\storyboard-full-pack\E04-01\f3.png","已存在","Codex 内置图像生成·多参考图条件生成","2026-08-24 参考图条件初次生成：严格按 frame-prompts 的源参考顺序，并用相邻候选锁定人物、空间与道具连续性；完整实际提示词见 actual-generation 记录。","通过：许知遥把电台收进雨衣，高嵩递出无字资料；双人闭口、耳机和门口轴线连续","保留正式 f3；后续图生视频必须以本帧和相邻帧共同约束动作阶段。"
"E04-02","1","E:\0822_codex_project\projects\shuohao-skills\experiments\tide-marks\storyboard-full-pack\E04-02\f1.png","已存在","Codex 内置图像生成·多参考图条件生成","2026-08-24 参考图条件初次生成：严格按 frame-prompts 的源参考顺序，并用相邻候选锁定人物、空间与道具连续性；完整实际提示词见 actual-generation 记录。","通过：仅高嵩出镜，空白房产资料与台上官方电台关系清楚，报价讲话口型正确","保留正式 f1；后续图生视频必须以本帧和相邻帧共同约束动作阶段。"
"E04-02","2","E:\0822_codex_project\projects\shuohao-skills\experiments\tide-marks\storyboard-full-pack\E04-02\f2.png","已存在","Codex 内置图像生成·多参考图条件生成","2026-08-24 参考图条件初次生成：严格按 frame-prompts 的源参考顺序，并用相邻候选锁定人物、空间与道具连续性；完整实际提示词见 actual-generation 记录。","通过：仅许知遥出镜且没有接资料，官方电台位于后景，拒绝动作与视线正确","保留正式 f2；后续图生视频必须以本帧和相邻帧共同约束动作阶段。"
"E04-02","3","E:\0822_codex_project\projects\shuohao-skills\experiments\tide-marks\storyboard-full-pack\E04-02\f3.png","已存在","Codex 内置图像生成·多参考图条件生成","2026-08-24 参考图条件初次生成：严格按 frame-prompts 的源参考顺序，并用相邻候选锁定人物、空间与道具连续性；完整实际提示词见 actual-generation 记录。","通过：仅高嵩出镜，一手收回资料、一手拉门；无字页面、手部和轻微笑意正确","保留正式 f3；后续图生视频必须以本帧和相邻帧共同约束动作阶段。"
"E04-03","1","E:\0822_codex_project\projects\shuohao-skills\experiments\tide-marks\storyboard-full-pack\E04-03\f1.png","已存在","Codex 内置图像生成·多参考图条件生成","2026-08-24 参考图条件初次生成：严格按 frame-prompts 的源参考顺序，并用相邻候选锁定人物、空间与道具连续性；完整实际提示词见 actual-generation 记录。","通过：仅许知遥出镜，追问驾驶者的近景、讲话口型和关闭钢门背景正确","保留正式 f1；后续图生视频必须以本帧和相邻帧共同约束动作阶段。"
"E04-03","2","E:\0822_codex_project\projects\shuohao-skills\experiments\tide-marks\storyboard-full-pack\E04-03\f2.png","已存在","Codex 内置图像生成·多参考图条件生成","2026-08-24 参考图条件初次生成：严格按 frame-prompts 的源参考顺序，并用相邻候选锁定人物、空间与道具连续性；完整实际提示词见 actual-generation 记录。","通过：仅高嵩出镜，轻微耸肩、淡笑与轻描淡写的讲话口型正确","保留正式 f2；后续图生视频必须以本帧和相邻帧共同约束动作阶段。"
"E04-03","3","E:\0822_codex_project\projects\shuohao-skills\experiments\tide-marks\storyboard-full-pack\E04-03\f3.png","已存在","Codex 内置图像生成·多参考图条件生成","2026-08-24 参考图条件初次生成：严格按 frame-prompts 的源参考顺序，并用相邻候选锁定人物、空间与道具连续性；完整实际提示词见 actual-generation 记录。","通过：仅许知遥出镜，压住怒意说父亲被锁，人物身份与关闭钢门连续","保留正式 f3；后续图生视频必须以本帧和相邻帧共同约束动作阶段。"
"E04-04","1","E:\0822_codex_project\projects\shuohao-skills\experiments\tide-marks\storyboard-full-pack\E04-04\f1.png","已存在","Codex 内置图像生成·多参考图条件生成","2026-08-24 参考图条件初次生成：严格按 frame-prompts 的源参考顺序，并用相邻候选锁定人物、空间与道具连续性；完整实际提示词见 actual-generation 记录。","通过：仅高嵩出镜，开掌拍锈蚀钢门，手部、讲话口型和单灯夜戏正确","保留正式 f1；后续图生视频必须以本帧和相邻帧共同约束动作阶段。"
"E04-04","2","E:\0822_codex_project\projects\shuohao-skills\experiments\tide-marks\storyboard-full-pack\E04-04\f2.png","已存在","Codex 内置图像生成·多参考图条件生成","2026-08-24 参考图条件初次生成：严格按 frame-prompts 的源参考顺序，并用相邻候选锁定人物、空间与道具连续性；完整实际提示词见 actual-generation 记录。","通过：仅许知遥出镜并向画外追问，前景无第二人暗影，证物桌和门轴连续","保留正式 f2；后续图生视频必须以本帧和相邻帧共同约束动作阶段。"
"E04-04","3","E:\0822_codex_project\projects\shuohao-skills\experiments\tide-marks\storyboard-full-pack\E04-04\f3.png","已存在","Codex 内置图像生成·多参考图条件生成","2026-08-24 参考图条件初次生成：严格按 frame-prompts 的源参考顺序，并用相邻候选锁定人物、空间与道具连续性；完整实际提示词见 actual-generation 记录。","通过：仅高嵩出镜并指向官方橙色电台，轻蔑讲话口型与道具几何正确","保留正式 f3；后续图生视频必须以本帧和相邻帧共同约束动作阶段。"
"E04-04","4","E:\0822_codex_project\projects\shuohao-skills\experiments\tide-marks\storyboard-full-pack\E04-04\f4.png","已存在","Codex 内置图像生成·多参考图条件生成","2026-08-24 参考图条件初次生成：严格按 frame-prompts 的源参考顺序，并用相邻候选锁定人物、空间与道具连续性；完整实际提示词见 actual-generation 记录。","通过：仅高嵩出镜，放慢语速后的冷硬近景与人物身份连续","保留正式 f4；后续图生视频必须以本帧和相邻帧共同约束动作阶段。"
"E04-05","1","E:\0822_codex_project\projects\shuohao-skills\experiments\tide-marks\storyboard-full-pack\E04-05\f1.png","已存在","Codex 内置图像生成·多参考图条件生成","2026-08-24 参考图条件初次生成：严格按 frame-prompts 的源参考顺序，并用相邻候选锁定人物、空间与道具连续性；完整实际提示词见 actual-generation 记录。","通过：程野在冷蓝门外把手机收音端贴近中央门缝，许知遥在暖灰门内讲话；恰好两人","保留正式 f1；后续图生视频必须以本帧和相邻帧共同约束动作阶段。"
"E04-05","2","E:\0822_codex_project\projects\shuohao-skills\experiments\tide-marks\storyboard-full-pack\E04-05\f2.png","已存在","Codex 内置图像生成·多参考图条件生成","2026-08-24 参考图条件初次生成：严格按 frame-prompts 的源参考顺序，并用相邻候选锁定人物、空间与道具连续性；完整实际提示词见 actual-generation 记录。","通过：仅高嵩出镜，以几乎消失的笑意威胁；关闭钢门、口型和空间连续","保留正式 f2；后续图生视频必须以本帧和相邻帧共同约束动作阶段。"
"E04-05","3","E:\0822_codex_project\projects\shuohao-skills\experiments\tide-marks\storyboard-full-pack\E04-05\f3.png","已存在","Codex 内置图像生成·多参考图条件生成","2026-08-24 参考图条件初次生成：严格按 frame-prompts 的源参考顺序，并用相邻候选锁定人物、空间与道具连续性；完整实际提示词见 actual-generation 记录。","通过：仅高嵩出镜，先低看门槛移动阴影再猛拉钢门，动作因果与手部正确","保留正式 f3；后续图生视频必须以本帧和相邻帧共同约束动作阶段。"
"E04-06","1","E:\0822_codex_project\projects\shuohao-skills\experiments\tide-marks\storyboard-full-pack\E04-06\f1.png","已存在","Codex 内置图像生成·多参考图条件生成","2026-08-24 参考图条件初次生成：严格按 frame-prompts 的源参考顺序，并用相邻候选锁定人物、空间与道具连续性；完整实际提示词见 actual-generation 记录。","通过：全景清楚显示程野退开两步持手机、高嵩站在右侧门洞发问；冷外暖内和人物口型正确","保留正式 f1；后续图生视频必须以本帧和相邻帧共同约束动作阶段。"
"E04-06","2","E:\0822_codex_project\projects\shuohao-skills\experiments\tide-marks\storyboard-full-pack\E04-06\f2.png","已存在","Codex 内置图像生成·多参考图条件生成","2026-08-24 参考图条件初次生成：严格按 frame-prompts 的源参考顺序，并用相邻候选锁定人物、空间与道具连续性；完整实际提示词见 actual-generation 记录。","通过：仅程野出镜，手机贴胸、短促回答并向左转身蓄力，画面方向连续","保留正式 f2；后续图生视频必须以本帧和相邻帧共同约束动作阶段。"
"E04-06","3","E:\0822_codex_project\projects\shuohao-skills\experiments\tide-marks\storyboard-full-pack\E04-06\f3.png","已存在","Codex 内置图像生成·多参考图条件生成","2026-08-24 参考图条件初次生成：严格按 frame-prompts 的源参考顺序，并用相邻候选锁定人物、空间与道具连续性；完整实际提示词见 actual-generation 记录。","通过：程野向左奔跑、高嵩从右侧仓门追出；双人跑姿、手机和追逐轴线正确","保留正式 f3；后续图生视频必须以本帧和相邻帧共同约束动作阶段。"
"E04-07","1","E:\0822_codex_project\projects\shuohao-skills\experiments\tide-marks\storyboard-full-pack\E04-07\f1.png","已存在","Codex 内置图像生成·多参考图条件生成","2026-08-24 参考图条件初次生成：严格按 frame-prompts 的源参考顺序，并用相邻候选锁定人物、空间与道具连续性；完整实际提示词见 actual-generation 记录。","通过：程野、许知遥、高嵩三人身份分离，高嵩夺取单台官方电台并处于撞击前状态","保留正式 f1；后续图生视频必须以本帧和相邻帧共同约束动作阶段。"
"E04-07","2","E:\0822_codex_project\projects\shuohao-skills\experiments\tide-marks\storyboard-full-pack\E04-07\f2.png","已存在","Codex 内置图像生成·多参考图条件生成","2026-08-24 参考图条件初次生成：严格按 frame-prompts 的源参考顺序，并用相邻候选锁定人物、空间与道具连续性；完整实际提示词见 actual-generation 记录。","通过：高嵩站立俯身，破裂外壳明显张开，单块绿色存储板正从缝中滑出","保留正式 f2；后续图生视频必须以本帧和相邻帧共同约束动作阶段。"
"E04-07","3","E:\0822_codex_project\projects\shuohao-skills\experiments\tide-marks\storyboard-full-pack\E04-07\f3.png","已存在","Codex 内置图像生成·多参考图条件生成","2026-08-24 参考图条件初次生成：严格按 frame-prompts 的源参考顺序，并用相邻候选锁定人物、空间与道具连续性；完整实际提示词见 actual-generation 记录。","通过：仅许知遥出镜，蹲下分别拾起裂壳和同一块存储板，回答口型与手部正确","保留正式 f3；后续图生视频必须以本帧和相邻帧共同约束动作阶段。"
"E04-07","4","E:\0822_codex_project\projects\shuohao-skills\experiments\tide-marks\storyboard-full-pack\E04-07\f4.png","已存在","Codex 内置图像生成·多参考图条件生成","2026-08-24 参考图条件初次生成：严格按 frame-prompts 的源参考顺序，并用相邻候选锁定人物、空间与道具连续性；完整实际提示词见 actual-generation 记录。","通过：许知遥在下方把存储板装回裂壳，高嵩停在高处；双人位置和损坏状态连续","保留正式 f4；后续图生视频必须以本帧和相邻帧共同约束动作阶段。"
"E04-08","1","E:\0822_codex_project\projects\shuohao-skills\experiments\tide-marks\storyboard-full-pack\E04-08\f1.png","已存在","Codex 内置图像生成·多参考图条件生成","2026-08-24 参考图条件初次生成：严格按 frame-prompts 的源参考顺序，并用相邻候选锁定人物、空间与道具连续性；完整实际提示词见 actual-generation 记录。","通过：程野站到许知遥身边讲话，许知遥低位持裂壳；双人身份、口型和道具状态连续","保留正式 f1；后续图生视频必须以本帧和相邻帧共同约束动作阶段。"
"E04-08","2","E:\0822_codex_project\projects\shuohao-skills\experiments\tide-marks\storyboard-full-pack\E04-08\f2.png","已存在","Codex 内置图像生成·多参考图条件生成","2026-08-24 参考图条件初次生成：严格按 frame-prompts 的源参考顺序，并用相邻候选锁定人物、空间与道具连续性；完整实际提示词见 actual-generation 记录。","通过：仅高嵩出镜并自然指向暗处货仓，拆迁威胁的说话者与指向正确","保留正式 f2；后续图生视频必须以本帧和相邻帧共同约束动作阶段。"
"E04-08","3","E:\0822_codex_project\projects\shuohao-skills\experiments\tide-marks\storyboard-full-pack\E04-08\f3.png","已存在","Codex 内置图像生成·多参考图条件生成","2026-08-24 参考图条件初次生成：严格按 frame-prompts 的源参考顺序，并用相邻候选锁定人物、空间与道具连续性；完整实际提示词见 actual-generation 记录。","通过：仅高嵩极近景，视线明确落向画外手机，无纸张、手机或其他人物误入","保留正式 f3；后续图生视频必须以本帧和相邻帧共同约束动作阶段。"
"E04-09","1","E:\0822_codex_project\projects\shuohao-skills\experiments\tide-marks\storyboard-full-pack\E04-09\f1.png","已存在","Codex 内置图像生成·多参考图条件生成","2026-08-24 参考图条件初次生成：严格按 frame-prompts 的源参考顺序，并用相邻候选锁定人物、空间与道具连续性；完整实际提示词见 actual-generation 记录。","通过：仅程野出镜，手机稳在胸前并指向水面，强调水下证据的讲话口型正确","保留正式 f1；后续图生视频必须以本帧和相邻帧共同约束动作阶段。"
"E04-09","2","E:\0822_codex_project\projects\shuohao-skills\experiments\tide-marks\storyboard-full-pack\E04-09\f2.png","已存在","Codex 内置图像生成·多参考图条件生成","2026-08-24 参考图条件初次生成：严格按 frame-prompts 的源参考顺序，并用相邻候选锁定人物、空间与道具连续性；完整实际提示词见 actual-generation 记录。","通过：许知遥前景转向画外程野，高嵩沿栈桥远离；恰好两人且景深方向正确","保留正式 f2；后续图生视频必须以本帧和相邻帧共同约束动作阶段。"
"E04-09","3","E:\0822_codex_project\projects\shuohao-skills\experiments\tide-marks\storyboard-full-pack\E04-09\f3.png","已存在","Codex 内置图像生成·多参考图条件生成","2026-08-24 参考图条件初次生成：严格按 frame-prompts 的源参考顺序，并用相邻候选锁定人物、空间与道具连续性；完整实际提示词见 actual-generation 记录。","通过：仅程野闭口聆听，手机无文字界面并显示一个爆音岛加三个词组岛","保留正式 f3；后续图生视频必须以本帧和相邻帧共同约束动作阶段。"
"E04-09","4","E:\0822_codex_project\projects\shuohao-skills\experiments\tide-marks\storyboard-full-pack\E04-09\f4.png","已存在","Codex 内置图像生成·多参考图条件生成","2026-08-24 参考图条件初次生成：严格按 frame-prompts 的源参考顺序，并用相邻候选锁定人物、空间与道具连续性；完整实际提示词见 actual-generation 记录。","通过：许知遥与程野闭口聆听同一无字波形手机，高嵩只作为画外录音且没有出镜","保留正式 f4；后续图生视频必须以本帧和相邻帧共同约束动作阶段。"
"E05-01","1","E:\0822_codex_project\projects\shuohao-skills\experiments\tide-marks\storyboard-full-pack\E05-01\f1.png","已存在","Codex 内置图像生成·多参考图条件生成（个别候选做无重采样边缘尺寸规范化）","2026-08-24 多参考图条件初次生成：实际参考顺序、完整生成提示词、候选版本和方向口径均记录于 actual-generation 文件；相邻候选用于锁定装备、空间与证据阶段。","通过：仅程野出镜；固定潜水装备、安全绳、黄铜登山扣与唯一锈环关系正确，闭口且无金属筒","保留正式 f1；图生视频时以本帧和相邻帧共同约束动作阶段。"
"E05-01","2","E:\0822_codex_project\projects\shuohao-skills\experiments\tide-marks\storyboard-full-pack\E05-01\f2.png","已存在","Codex 内置图像生成·多参考图条件生成（个别候选做无重采样边缘尺寸规范化）","2026-08-24 多参考图条件初次生成：实际参考顺序、完整生成提示词、候选版本和方向口径均记录于 actual-generation 文件；相邻候选用于锁定装备、空间与证据阶段。","通过：仅程野讲话；面镜仍在额头，检查右耳通信耳机，单灯位置与安全绳连续","保留正式 f2；图生视频时以本帧和相邻帧共同约束动作阶段。"
"E05-01","3","E:\0822_codex_project\projects\shuohao-skills\experiments\tide-marks\storyboard-full-pack\E05-01\f3.png","已存在","Codex 内置图像生成·多参考图条件生成（个别候选做无重采样边缘尺寸规范化）","2026-08-24 多参考图条件初次生成：实际参考顺序、完整生成提示词、候选版本和方向口径均记录于 actual-generation 文件；相邻候选用于锁定装备、空间与证据阶段。","通过：程野闭口听许知遥画外音；无字计时器、水线、单灯与同一安全绳成立","保留正式 f3；图生视频时以本帧和相邻帧共同约束动作阶段。"
"E05-02","1","E:\0822_codex_project\projects\shuohao-skills\experiments\tide-marks\storyboard-full-pack\E05-02\f1.png","已存在","Codex 内置图像生成·多参考图条件生成（个别候选做无重采样边缘尺寸规范化）","2026-08-24 多参考图条件初次生成：实际参考顺序、完整生成提示词、候选版本和方向口径均记录于 actual-generation 文件；相邻候选用于锁定装备、空间与证据阶段。","通过：仅程野完成告白；面镜尚未拉下，朝右侧黑水准备入水，金属筒未提前出现","保留正式 f1；图生视频时以本帧和相邻帧共同约束动作阶段。"
"E05-02","2","E:\0822_codex_project\projects\shuohao-skills\experiments\tide-marks\storyboard-full-pack\E05-02\f2.png","已存在","Codex 内置图像生成·多参考图条件生成（个别候选做无重采样边缘尺寸规范化）","2026-08-24 多参考图条件初次生成：实际参考顺序、完整生成提示词、候选版本和方向口径均记录于 actual-generation 文件；相邻候选用于锁定装备、空间与证据阶段。","通过：面镜密封且单灯不换边；程野由左上湿坡向右下黑水侧滑，同一安全绳连回岸上","保留正式 f2；图生视频时以本帧和相邻帧共同约束动作阶段。"
"E05-02","3","E:\0822_codex_project\projects\shuohao-skills\experiments\tide-marks\storyboard-full-pack\E05-02\f3.png","已存在","Codex 内置图像生成·多参考图条件生成（个别候选做无重采样边缘尺寸规范化）","2026-08-24 多参考图条件初次生成：实际参考顺序、完整生成提示词、候选版本和方向口径均记录于 actual-generation 文件；相邻候选用于锁定装备、空间与证据阶段。","通过：程野完全潜入；仅绷紧安全绳、一个水下暗影和一个灯点，无错误口型或第二人","保留正式 f3；图生视频时以本帧和相邻帧共同约束动作阶段。"
"E05-03","1","E:\0822_codex_project\projects\shuohao-skills\experiments\tide-marks\storyboard-full-pack\E05-03\f1.png","已存在","Codex 内置图像生成·多参考图条件生成（个别候选做无重采样边缘尺寸规范化）","2026-08-24 多参考图条件初次生成：实际参考顺序、完整生成提示词、候选版本和方向口径均记录于 actual-generation 文件；相邻候选用于锁定装备、空间与证据阶段。","通过：程野破水喘息并张口说话；恰好一个完全密封金属筒，联单和纸张均未露出","保留正式 f1；图生视频时以本帧和相邻帧共同约束动作阶段。"
"E05-03","2","E:\0822_codex_project\projects\shuohao-skills\experiments\tide-marks\storyboard-full-pack\E05-03\f2.png","已存在","Codex 内置图像生成·多参考图条件生成（个别候选做无重采样边缘尺寸规范化）","2026-08-24 多参考图条件初次生成：实际参考顺序、完整生成提示词、候选版本和方向口径均记录于 actual-generation 文件；相邻候选用于锁定装备、空间与证据阶段。","通过：同一金属筒和右端盖仅松开窄缝；程野闭口，联单未提前出现","保留正式 f2；图生视频时以本帧和相邻帧共同约束动作阶段。"
"E05-04","1","E:\0822_codex_project\projects\shuohao-skills\experiments\tide-marks\storyboard-full-pack\E05-04\f1.png","已存在","Codex 内置图像生成·最多 5 张真实参考图的条件生成/精确修订","2026-08-24 多参考图条件生成：真实参考顺序、完整实际提示词、候选版本、返工边界和残余视频风险均记录于 actual-generation 文件；每镜参考图不超过 5 张。","通过：程野闭口听画外音；唯一筒盖已完全旋下并在筒口近旁，唯一湿联单仅部分滑出且仍留在同一文件筒内","保留正式 f1；图生视频时以本帧和相邻帧共同约束动作阶段。"
"E05-04","2","E:\0822_codex_project\projects\shuohao-skills\experiments\tide-marks\storyboard-full-pack\E05-04\f2.png","已存在","Codex 内置图像生成·最多 5 张真实参考图的条件生成/精确修订","2026-08-24 多参考图条件生成：真实参考顺序、完整实际提示词、候选版本、返工边界和残余视频风险均记录于 actual-generation 文件；每镜参考图不超过 5 张。","通过：仅程野自然开口并举同一只独立筒盖；单灯、双凸耳、半月潮记和手部成立，无第二只盖或纸张","保留正式 f2；图生视频时以本帧和相邻帧共同约束动作阶段。"
"E05-04","3","E:\0822_codex_project\projects\shuohao-skills\experiments\tide-marks\storyboard-full-pack\E05-04\f3.png","已存在","Codex 内置图像生成·最多 5 张真实参考图的条件生成/精确修订","2026-08-24 多参考图条件生成：真实参考顺序、完整实际提示词、候选版本、返工边界和残余视频风险均记录于 actual-generation 文件；每镜参考图不超过 5 张。","通过：同一文件筒已重新旋紧，联单完整收回且画面无外露纸张；上坡跑动、安全绳与岸坡方向清楚","保留正式 f3；图生视频时以本帧和相邻帧共同约束动作阶段。"
"E05-05","1","E:\0822_codex_project\projects\shuohao-skills\experiments\tide-marks\storyboard-full-pack\E05-05\f1.png","已存在","Codex 内置图像生成·最多 5 张真实参考图的条件生成/精确修订","2026-08-24 多参考图条件生成：真实参考顺序、完整实际提示词、候选版本、返工边界和残余视频风险均记录于 actual-generation 文件；每镜参考图不超过 5 张。","通过：许知遥闭口按无字实体控制；摔裂电台保持未修复阶段，屏幕只有发动机声带与单一爆音峰，无文字或时间码","保留正式 f1；图生视频时以本帧和相邻帧共同约束动作阶段。"
"E05-05","2","E:\0822_codex_project\projects\shuohao-skills\experiments\tide-marks\storyboard-full-pack\E05-05\f2.png","已存在","Codex 内置图像生成·最多 5 张真实参考图的条件生成/精确修订","2026-08-24 多参考图条件生成：真实参考顺序、完整实际提示词、候选版本、返工边界和残余视频风险均记录于 actual-generation 文件；每镜参考图不超过 5 张。","通过：许知遥完全闭口听旧录音；同一摔裂电台与上一镜连续，许潮和高嵩均未被实体化或显示为屏幕头像","保留正式 f2；图生视频时以本帧和相邻帧共同约束动作阶段。"
"E05-05","3","E:\0822_codex_project\projects\shuohao-skills\experiments\tide-marks\storyboard-full-pack\E05-05\f3.png","已存在","Codex 内置图像生成·最多 5 张真实参考图的条件生成/精确修订","2026-08-24 多参考图条件生成：真实参考顺序、完整实际提示词、候选版本、返工边界和残余视频风险均记录于 actual-generation 文件；每镜参考图不超过 5 张。","通过：两人闭口，许知遥双手套、程野裸手；唯一湿联单仍大部卷曲且刚开始展开，无透明袋、手机或责任书","保留正式 f3；图生视频时以本帧和相邻帧共同约束动作阶段。"
"E05-06","1","E:\0822_codex_project\projects\shuohao-skills\experiments\tide-marks\storyboard-full-pack\E05-06\f1.png","已存在","Codex 内置图像生成·最多 5 张真实参考图的条件生成/定向修订","2026-08-24 多参考图条件生成及连续帧定向生成：真实参考顺序、修正链、网络失败、候选版本和残余视频风险均记录于 actual-generation 文件；每次成功调用参考图不超过 5 张。","通过：许知遥戴手套并独自开口；唯一联单已展开但未完全压平，恰有六行模糊结构，无透明袋、可读文字或重复纸张","保留正式 f1；图生视频时以本帧和相邻帧共同约束动作阶段。"
"E05-06","2","E:\0822_codex_project\projects\shuohao-skills\experiments\tide-marks\storyboard-full-pack\E05-06\f2.png","已存在","Codex 内置图像生成·最多 5 张真实参考图的条件生成/定向修订","2026-08-24 多参考图条件生成及连续帧定向生成：真实参考顺序、修正链、网络失败、候选版本和残余视频风险均记录于 actual-generation 文件；每次成功调用参考图不超过 5 张。","通过：只有程野开口；同一联单右下角暗紫私章保留缺角和向左晕尾，未误变为红章，无额外证物","保留正式 f2；图生视频时以本帧和相邻帧共同约束动作阶段。"
"E05-06","3","E:\0822_codex_project\projects\shuohao-skills\experiments\tide-marks\storyboard-full-pack\E05-06\f3.png","已存在","Codex 内置图像生成·最多 5 张真实参考图的条件生成/定向修订","2026-08-24 多参考图条件生成及连续帧定向生成：真实参考顺序、修正链、网络失败、候选版本和残余视频风险均记录于 actual-generation 文件；每次成功调用参考图不超过 5 张。","通过：许知遥闭口并单指完成无字实体控制；电台损伤连续，屏幕仅抽象波形，无数字、时间码或录音人物实体","保留正式 f3；图生视频时以本帧和相邻帧共同约束动作阶段。"
"E05-06","4","E:\0822_codex_project\projects\shuohao-skills\experiments\tide-marks\storyboard-full-pack\E05-06\f4.png","已存在","Codex 内置图像生成·最多 5 张真实参考图的条件生成/定向修订","2026-08-24 多参考图条件生成及连续帧定向生成：真实参考顺序、修正链、网络失败、候选版本和残余视频风险均记录于 actual-generation 文件；每次成功调用参考图不超过 5 张。","通过：恰好许知遥、程野两位现时成人且均闭口；唯一摔裂电台状态连续，许潮与孩子只存在于录音中","保留正式 f4；图生视频时以本帧和相邻帧共同约束动作阶段。"
"E05-07","1","E:\0822_codex_project\projects\shuohao-skills\experiments\tide-marks\storyboard-full-pack\E05-07\f1.png","已存在","Codex 内置图像生成·最多 5 张真实参考图的条件生成/定向修订","2026-08-24 多参考图条件生成及连续帧定向生成：真实参考顺序、修正链、网络失败、候选版本和残余视频风险均记录于 actual-generation 文件；每次成功调用参考图不超过 5 张。","通过：人物、站位、灯光、电台损伤与上一段连续；两人闭口，无许潮、孩子、肖像、倒影或回忆重演","保留正式 f1；图生视频时以本帧和相邻帧共同约束动作阶段。"
"E05-07","2","E:\0822_codex_project\projects\shuohao-skills\experiments\tide-marks\storyboard-full-pack\E05-07\f2.png","已存在","Codex 内置图像生成·最多 5 张真实参考图的条件生成/定向修订","2026-08-24 多参考图条件生成及连续帧定向生成：真实参考顺序、修正链、网络失败、候选版本和残余视频风险均记录于 actual-generation 文件；每次成功调用参考图不超过 5 张。","通过：只有许知遥小幅开口说“哥”，程野闭口；过载尖峰保持抽象、无可读界面，录音人物未出现","保留正式 f2；图生视频时以本帧和相邻帧共同约束动作阶段。"
"E05-07","3","E:\0822_codex_project\projects\shuohao-skills\experiments\tide-marks\storyboard-full-pack\E05-07\f3.png","已存在","Codex 内置图像生成·最多 5 张真实参考图的条件生成/定向修订","2026-08-24 多参考图条件生成及连续帧定向生成：真实参考顺序、修正链、网络失败、候选版本和残余视频风险均记录于 actual-generation 文件；每次成功调用参考图不超过 5 张。","通过：唯一耳机已摘下并落在台面，许知遥闭口、双手自然撑台；无多余手、悬浮耳机或回忆重演","保留正式 f3；图生视频时以本帧和相邻帧共同约束动作阶段。"
"E05-07","4","E:\0822_codex_project\projects\shuohao-skills\experiments\tide-marks\storyboard-full-pack\E05-07\f4.png","已存在","Codex 内置图像生成·最多 5 张真实参考图的条件生成/定向修订","2026-08-24 多参考图条件生成及连续帧定向生成：真实参考顺序、修正链、网络失败、候选版本和残余视频风险均记录于 actual-generation 文件；每次成功调用参考图不超过 5 张。","通过：两位现时成人闭口凝听；摔裂橙色电台唯一、损伤连续，波形抽象，所有录音人物均未实体化","保留正式 f4；图生视频时以本帧和相邻帧共同约束动作阶段。"
"E05-08","1","E:\0822_codex_project\projects\shuohao-skills\experiments\tide-marks\storyboard-full-pack\E05-08\f1.png","已存在","Codex 内置图像生成·最多 5 张真实参考图的条件生成/定向修订","2026-08-24 多参考图条件生成及定向修订：真实参考顺序、两次手机锚点返工、失败调用、候选版本和残余视频风险均记录于 actual-generation 文件；每次成功调用参考图不超过 5 张。","通过：恰好许知遥、程野两位现时成人；只有程野开口。唯一联单裸放在中性保育衬纸上且尚未进入透明保护袋，同一摔裂橙色电台保持唯一","保留正式 f1；图生视频时以本帧和相邻帧共同约束动作阶段。"
"E05-08","2","E:\0822_codex_project\projects\shuohao-skills\experiments\tide-marks\storyboard-full-pack\E05-08\f2.png","已存在","Codex 内置图像生成·最多 5 张真实参考图的条件生成/定向修订","2026-08-24 多参考图条件生成及定向修订：真实参考顺序、两次手机锚点返工、失败调用、候选版本和残余视频风险均记录于 actual-generation 文件；每次成功调用参考图不超过 5 张。","通过：只有许知遥本人出镜并自然开口；程野在画外，高嵩未以人物、肖像、倒影、屏幕或回忆重演实体化","保留正式 f2；图生视频时以本帧和相邻帧共同约束动作阶段。"
"E05-08","3","E:\0822_codex_project\projects\shuohao-skills\experiments\tide-marks\storyboard-full-pack\E05-08\f3.png","已存在","Codex 内置图像生成·最多 5 张真实参考图的条件生成/定向修订","2026-08-24 多参考图条件生成及定向修订：真实参考顺序、两次手机锚点返工、失败调用、候选版本和残余视频风险均记录于 actual-generation 文件；每次成功调用参考图不超过 5 张。","通过：只有闭口的程野；P06 石墨黑厚壳、左上小蛛裂与右下暗橙擦痕清楚可辨，屏幕仅抽象青色波形且无文字、数字、头像或时间码","保留正式 f3；图生视频时以本帧和相邻帧共同约束动作阶段。"
"E05-08","4","E:\0822_codex_project\projects\shuohao-skills\experiments\tide-marks\storyboard-full-pack\E05-08\f4.png","已存在","Codex 内置图像生成·最多 5 张真实参考图的条件生成/定向修订","2026-08-24 多参考图条件生成及定向修订：真实参考顺序、两次手机锚点返工、失败调用、候选版本和残余视频风险均记录于 actual-generation 文件；每次成功调用参考图不超过 5 张。","通过：许知遥与程野均闭口听残录；P06 屏幕完全背向镜头，高嵩只留在音轨意图中，无人物、肖像、倒影、重演或可读界面","保留正式 f4；图生视频时以本帧和相邻帧共同约束动作阶段。"
"E05-09","1","E:\0822_codex_project\projects\shuohao-skills\experiments\tide-marks\storyboard-full-pack\E05-09\f1.png","已存在","Codex 内置图像生成·最多 5 张真实参考图的条件生成/定向修订","2026-08-24 多参考图条件生成及定向修订：真实参考顺序、P05 构图返工、P01 损伤锚点、固定窗裂返工、失败调用和候选版本均记录于 actual-generation 文件；每次成功调用参考图不超过 5 张。","通过：只有许知遥入画并自然开口；恰好一张裸放 P03 与一张裸放 P05，P05 完整右下角、蓝黑模糊签名和褪色椭圆印可辨但不可读；所有禁物均未串入","保留正式 f1；图生视频时以本帧和相邻帧共同约束动作阶段。"
"E05-09","2","E:\0822_codex_project\projects\shuohao-skills\experiments\tide-marks\storyboard-full-pack\E05-09\f2.png","已存在","Codex 内置图像生成·最多 5 张真实参考图的条件生成/定向修订","2026-08-24 多参考图条件生成及定向修订：真实参考顺序、P05 构图返工、P01 损伤锚点、固定窗裂返工、失败调用和候选版本均记录于 actual-generation 文件；每次成功调用参考图不超过 5 张。","通过：恰好许知遥、程野两人且只有程野自然开口；唯一 P01 保留黑熔痕、右侧裂开结构、盐霜擦痕和弯天线，P03/P05 各一张裸放且辨识锚点完整","保留正式 f2；图生视频时以本帧和相邻帧共同约束动作阶段。"
"E05-09","3","E:\0822_codex_project\projects\shuohao-skills\experiments\tide-marks\storyboard-full-pack\E05-09\f3.png","已存在","Codex 内置图像生成·最多 5 张真实参考图的条件生成/定向修订","2026-08-24 多参考图条件生成及定向修订：真实参考顺序、P05 构图返工、P01 损伤锚点、固定窗裂返工、失败调用和候选版本均记录于 actual-generation 文件；每次成功调用参考图不超过 5 张。","通过：只有许知遥入画并自然开口；同一铁丝玻璃窗左下区域的固定放射状蛛裂恢复且未复制，所有人物外证物、屏幕、文字与界面均未出现","保留正式 f3；图生视频时以本帧和相邻帧共同约束动作阶段。"
"E05-10","1","E:\0822_codex_project\projects\shuohao-skills\experiments\tide-marks\storyboard-full-pack\E05-10\f1.png","已存在","Codex 内置图像生成·最多 5 张真实参考图的条件生成/定向修订","2026-08-24 多参考图条件生成及定向修订：真实参考顺序、动作角色互换返工、封闭袋状态、P01/P06/P07 连续性、终止调用和网络失败均记录于 actual-generation 文件；每次成功调用参考图不超过 5 张。","通过：恰好许知遥、程野两位成人且均闭口；许知遥操作黑/橙/银三个 P07，程野把唯一 P03 滑入唯一透明袋；动作职责、物件计数与全部排除项正确","保留正式 f1；图生视频时以本帧和相邻帧共同约束动作阶段。"
"E05-10","2","E:\0822_codex_project\projects\shuohao-skills\experiments\tide-marks\storyboard-full-pack\E05-10\f2.png","已存在","Codex 内置图像生成·最多 5 张真实参考图的条件生成/定向修订","2026-08-24 多参考图条件生成及定向修订：真实参考顺序、动作角色互换返工、封闭袋状态、P01/P06/P07 连续性、终止调用和网络失败均记录于 actual-generation 文件；每次成功调用参考图不超过 5 张。","通过：只有程野入画并自然开口；唯一 P03 完全位于唯一透明保护袋内，袋口闭合且纸张四边无外露；无散纸、重复证物、人物或禁物","保留正式 f2；图生视频时以本帧和相邻帧共同约束动作阶段。"
"E05-10","3","E:\0822_codex_project\projects\shuohao-skills\experiments\tide-marks\storyboard-full-pack\E05-10\f3.png","已存在","Codex 内置图像生成·最多 5 张真实参考图的条件生成/定向修订","2026-08-24 多参考图条件生成及定向修订：真实参考顺序、动作角色互换返工、封闭袋状态、P01/P06/P07 连续性、终止调用和网络失败均记录于 actual-generation 文件；每次成功调用参考图不超过 5 张。","通过：恰好两位成人闭口离场；许知遥拿唯一未修复 P01，程野拿唯一封闭袋装 P03；恰好三个 P07 留台，P06 与倒计时界面完全不出画","保留正式 f3；图生视频时以本帧和相邻帧共同约束动作阶段。"
"E06-01","1","E:\0822_codex_project\projects\shuohao-skills\experiments\tide-marks\storyboard-full-pack\E06-01\f1.png","已存在","Codex 内置图像生成·最多 5 张真实参考图的条件生成/定向修订","2026-08-24 多参考图条件生成及定向修订：真实参考顺序、f1 人物职责互换返工、封闭 P03、场外 P07、损伤 P01 与口型边界均记录于 actual-generation 文件；每次成功调用参考图不超过 5 张。","通过：高嵩在左侧伸手向唯一音响线，程野在右侧护住唯一封闭联单袋；两人闭口，高嵩未碰袋；无 P01、P07、群众或散纸","保留正式 f1；图生视频时以本帧和相邻帧共同约束动作阶段。"
"E06-01","2","E:\0822_codex_project\projects\shuohao-skills\experiments\tide-marks\storyboard-full-pack\E06-01\f2.png","已存在","Codex 内置图像生成·最多 5 张真实参考图的条件生成/定向修订","2026-08-24 多参考图条件生成及定向修订：真实参考顺序、f1 人物职责互换返工、封闭 P03、场外 P07、损伤 P01 与口型边界均记录于 actual-generation 文件；每次成功调用参考图不超过 5 张。","通过：只有许知遥入画并自然开口，按一个无字实体键；唯一 P01 保留右裂、黑熔痕、盐蚀与弯折天线；零 P07、零联单、零群众","保留正式 f2；图生视频时以本帧和相邻帧共同约束动作阶段。"
"E06-01","3","E:\0822_codex_project\projects\shuohao-skills\experiments\tide-marks\storyboard-full-pack\E06-01\f3.png","已存在","Codex 内置图像生成·最多 5 张真实参考图的条件生成/定向修订","2026-08-24 多参考图条件生成及定向修订：真实参考顺序、f1 人物职责互换返工、封闭 P03、场外 P07、损伤 P01 与口型边界均记录于 actual-generation 文件；每次成功调用参考图不超过 5 张。","通过：只有高嵩入画并自然开口；没有群众、证物、控制台、线缆、手机或备份盘，人物身份与清晨外景连续","保留正式 f3；图生视频时以本帧和相邻帧共同约束动作阶段。"
"E06-02","1","E:\0822_codex_project\projects\shuohao-skills\experiments\tide-marks\storyboard-full-pack\E06-02\f1.png","已存在","Codex 内置图像生成·最多 5 张真实参考图的条件生成/定向修订","2026-08-24 多参考图条件生成及定向修订：真实参考顺序、P03 六行/缺角章强化、高嵩错误持证返工、匿名观众计数、空白板与口型边界均记录于 actual-generation 文件。","通过：只有程野开口；唯一 P03 完全位于封闭袋内，隔塑料指向六条横向模糊行带，右下单枚暗紫私章带缺损边缘","保留正式 f1；图生视频时以本帧和相邻帧共同约束动作阶段。"
"E06-02","2","E:\0822_codex_project\projects\shuohao-skills\experiments\tide-marks\storyboard-full-pack\E06-02\f2.png","已存在","Codex 内置图像生成·最多 5 张真实参考图的条件生成/定向修订","2026-08-24 多参考图条件生成及定向修订：真实参考顺序、P03 六行/缺角章强化、高嵩错误持证返工、匿名观众计数、空白板与口型边界均记录于 actual-generation 文件。","通过：高嵩开口且双手不持证物；恰好两名匿名成人只见背影、两张空白板；密封袋仅在最左边缘且与高嵩分离","保留正式 f2；图生视频时以本帧和相邻帧共同约束动作阶段。"
"E06-02","3","E:\0822_codex_project\projects\shuohao-skills\experiments\tide-marks\storyboard-full-pack\E06-02\f3.png","已存在","Codex 内置图像生成·最多 5 张真实参考图的条件生成/定向修订","2026-08-24 多参考图条件生成及定向修订：真实参考顺序、P03 六行/缺角章强化、高嵩错误持证返工、匿名观众计数、空白板与口型边界均记录于 actual-generation 文件。","通过：只有许知遥入画并克制开口；所有观众、证物、备份盘、效果板与文字内容均不入画","保留正式 f3；图生视频时以本帧和相邻帧共同约束动作阶段。"
"E06-03","1","E:\0822_codex_project\projects\shuohao-skills\experiments\tide-marks\storyboard-full-pack\E06-03\f1.png","已存在","Codex 内置图像生成·最多 5 张真实参考图的条件生成","2026-08-24 多参考图条件生成：真实参考顺序、双人闭口、画外少年录音不实体化、无日期/时间/位置 UI、机械继续怠速均记录于 actual-generation 文件。","通过：恰好许知遥与程野两位成人双双闭口；音响无文字/UI；少年、日期和时间完全不入画","保留正式 f1；图生视频时以本帧和相邻帧共同约束动作阶段。"
"E06-03","2","E:\0822_codex_project\projects\shuohao-skills\experiments\tide-marks\storyboard-full-pack\E06-03\f2.png","已存在","Codex 内置图像生成·最多 5 张真实参考图的条件生成","2026-08-24 多参考图条件生成：真实参考顺序、双人闭口、画外少年录音不实体化、无日期/时间/位置 UI、机械继续怠速均记录于 actual-generation 文件。","通过：同一双人近景且继续双闭口；无少年、照片、倒影、重演、地图、地点标签或时间码","保留正式 f2；图生视频时以本帧和相邻帧共同约束动作阶段。"
"E06-03","3","E:\0822_codex_project\projects\shuohao-skills\experiments\tide-marks\storyboard-full-pack\E06-03\f3.png","已存在","Codex 内置图像生成·最多 5 张真实参考图的条件生成","2026-08-24 多参考图条件生成：真实参考顺序、双人闭口、画外少年录音不实体化、无日期/时间/位置 UI、机械继续怠速均记录于 actual-generation 文件。","通过：只有高嵩自然开口并作空手制止手势；两台机械工作灯亮且有怠速排气，未提前停机","保留正式 f3；图生视频时以本帧和相邻帧共同约束动作阶段。"
"E06-04","1","E:\0822_codex_project\projects\shuohao-skills\experiments\tide-marks\storyboard-full-pack\E06-04\f1.png","已存在","Codex 内置图像生成·最多 5 张真实参考图的条件生成","2026-08-24 多参考图条件生成：真实参考顺序、P01 损伤、无时间 UI、高嵩监听闭口、录音指控不重演与少年不实体化均记录于 actual-generation 文件。","通过：只有许知遥开口并推动一个无字推子；唯一 P01 四项损伤锚点完整；无时间码、数字或 UI","保留正式 f1；图生视频时以本帧和相邻帧共同约束动作阶段。"
"E06-04","2","E:\0822_codex_project\projects\shuohao-skills\experiments\tide-marks\storyboard-full-pack\E06-04\f2.png","已存在","Codex 内置图像生成·最多 5 张真实参考图的条件生成","2026-08-24 多参考图条件生成：真实参考顺序、P01 损伤、无时间 UI、高嵩监听闭口、录音指控不重演与少年不实体化均记录于 actual-generation 文件。","通过：高嵩单人闭口监听；没有少年、船、钥匙、驾驶重演或指控文字，录音仍是待核验陈述","保留正式 f2；图生视频时以本帧和相邻帧共同约束动作阶段。"
"E06-04","3","E:\0822_codex_project\projects\shuohao-skills\experiments\tide-marks\storyboard-full-pack\E06-04\f3.png","已存在","Codex 内置图像生成·最多 5 张真实参考图的条件生成","2026-08-24 多参考图条件生成：真实参考顺序、P01 损伤、无时间 UI、高嵩监听闭口、录音指控不重演与少年不实体化均记录于 actual-generation 文件。","通过：只有高嵩开口并指向明确的现场音响；少年、其他人物与证物不入画","保留正式 f3；图生视频时以本帧和相邻帧共同约束动作阶段。"
"E06-05","1","E:\0822_codex_project\projects\shuohao-skills\experiments\tide-marks\storyboard-full-pack\E06-05\f1.png","已存在","Codex 内置图像生成·最多 5 张真实参考图的条件生成/定向修订","2026-08-24 多参考图条件生成及定向修订：真实参考顺序、封闭 P03 六行/缺角章、私章待鉴定、独立 P05、两名匿名观众与手机计数均记录于 actual-generation 文件。","通过：只有程野开口；同一 P03 完全位于封闭袋内，六行结构清楚；摄像机屏幕不可读","保留正式 f1；图生视频时以本帧和相邻帧共同约束动作阶段。"
"E06-05","2","E:\0822_codex_project\projects\shuohao-skills\experiments\tide-marks\storyboard-full-pack\E06-05\f2.png","已存在","Codex 内置图像生成·最多 5 张真实参考图的条件生成/定向修订","2026-08-24 多参考图条件生成及定向修订：真实参考顺序、封闭 P03 六行/缺角章、私章待鉴定、独立 P05、两名匿名观众与手机计数均记录于 actual-generation 文件。","通过：只有许知遥开口；同一封闭 P03、六行和单枚暗紫缺角章连续，左向晕染为局部短痕；无鉴定结论","保留正式 f2；图生视频时以本帧和相邻帧共同约束动作阶段。"
"E06-05","3","E:\0822_codex_project\projects\shuohao-skills\experiments\tide-marks\storyboard-full-pack\E06-05\f3.png","已存在","Codex 内置图像生成·最多 5 张真实参考图的条件生成/定向修订","2026-08-24 多参考图条件生成及定向修订：真实参考顺序、封闭 P03 六行/缺角章、私章待鉴定、独立 P05、两名匿名观众与手机计数均记录于 actual-generation 文件。","通过：高嵩空手指向独立 P05，不碰封闭 P03；恰好两名匿名背影、每人一部黑屏手机；两份文件清楚分离","保留正式 f3；图生视频时以本帧和相邻帧共同约束动作阶段。"
"E06-06","1","E:\0822_codex_project\projects\shuohao-skills\experiments\tide-marks\storyboard-full-pack\E06-06\f1.png","已存在","Codex 内置图像生成·最多 5 张真实参考图的条件生成","2026-08-24 多参考图条件生成：真实参考顺序、P05 待鉴定、高嵩不触证、封闭 P03、普通手机/P06 区分、运营指令与司法结论边界均记录于 actual-generation 文件。","通过：只有许知遥开口；P05 两锈孔、折线、签名区完整且平放；无作废、鉴真或洗清结论","保留正式 f1；图生视频时以本帧和相邻帧共同约束动作阶段。"
"E06-06","2","E:\0822_codex_project\projects\shuohao-skills\experiments\tide-marks\storyboard-full-pack\E06-06\f2.png","已存在","Codex 内置图像生成·最多 5 张真实参考图的条件生成","2026-08-24 多参考图条件生成：真实参考顺序、P05 待鉴定、高嵩不触证、封闭 P03、普通手机/P06 区分、运营指令与司法结论边界均记录于 actual-generation 文件。","通过：高嵩闭口伸手但与证物有空气间隙；程野护住同一封闭 P03 并单独开口；无开袋、撕纸或手部重叠","保留正式 f2；图生视频时以本帧和相邻帧共同约束动作阶段。"
"E06-06","3","E:\0822_codex_project\projects\shuohao-skills\experiments\tide-marks\storyboard-full-pack\E06-06\f3.png","已存在","Codex 内置图像生成·最多 5 张真实参考图的条件生成","2026-08-24 多参考图条件生成：真实参考顺序、P05 待鉴定、高嵩不触证、封闭 P03、普通手机/P06 区分、运营指令与司法结论边界均记录于 actual-generation 文件。","通过：只有高嵩闭口监听自己的完好普通手机，屏幕背向；无 P06 损伤特征和司法结论符号","保留正式 f3；图生视频时以本帧和相邻帧共同约束动作阶段。"
"E06-07","1","E:\0822_codex_project\projects\shuohao-skills\experiments\tide-marks\storyboard-full-pack\E06-07\f1.png","已存在","Codex 内置图像生成·最多 5 张真实参考图的条件生成","2026-08-24 多参考图条件生成：真实参考顺序、摔裂 P06/封闭 P03、单波形、普通手机区分、机械由怠速转为停机及非司法边界均记录于 actual-generation 文件。","通过：只有程野开口；摔裂 P06 与封闭 P03 分离，P06 黑屏仅一条暗青波形，无 UI/时间码","保留正式 f1；图生视频时以本帧和相邻帧共同约束动作阶段。"
"E06-07","2","E:\0822_codex_project\projects\shuohao-skills\experiments\tide-marks\storyboard-full-pack\E06-07\f2.png","已存在","Codex 内置图像生成·最多 5 张真实参考图的条件生成","2026-08-24 多参考图条件生成：真实参考顺序、摔裂 P06/封闭 P03、单波形、普通手机区分、机械由怠速转为停机及非司法边界均记录于 actual-generation 文件。","通过：只有高嵩开口和空手防御手势；P06、P03、其他人物与文字全在画外","保留正式 f2；图生视频时以本帧和相邻帧共同约束动作阶段。"
"E06-07","3","E:\0822_codex_project\projects\shuohao-skills\experiments\tide-marks\storyboard-full-pack\E06-07\f3.png","已存在","Codex 内置图像生成·最多 5 张真实参考图的条件生成","2026-08-24 多参考图条件生成：真实参考顺序、摔裂 P06/封闭 P03、单波形、普通手机区分、机械由怠速转为停机及非司法边界均记录于 actual-generation 文件。","通过：高嵩握自己的完好普通手机开口；恰好两台机械完全静止、灯灭、无排气；无司法结果符号","保留正式 f3；图生视频时以本帧和相邻帧共同约束动作阶段。"
"E06-08","1","E:\0822_codex_project\projects\shuohao-skills\experiments\tide-marks\storyboard-full-pack\E06-08\f1.png","已存在","Codex 内置图像生成·最多 5 张真实参考图的条件生成","2026-08-24 多参考图条件生成：真实参考顺序、P01/P03 状态、P05/P06/P07 排除、受理非判决、双人闭口与受控交接边界均记录于 actual-generation 文件。","通过：只有许知遥开口；摔裂 P01 与封闭 P03 分离；P05/P06/P07 不入画","保留正式 f1；图生视频时以本帧和相邻帧共同约束动作阶段。"
"E06-08","2","E:\0822_codex_project\projects\shuohao-skills\experiments\tide-marks\storyboard-full-pack\E06-08\f2.png","已存在","Codex 内置图像生成·最多 5 张真实参考图的条件生成","2026-08-24 多参考图条件生成：真实参考顺序、P01/P03 状态、P05/P06/P07 排除、受理非判决、双人闭口与受控交接边界均记录于 actual-generation 文件。","通过：恰好许知遥、程野两人双闭口；无电话、机构人员、编号、证物或判决图形","保留正式 f2；图生视频时以本帧和相邻帧共同约束动作阶段。"
"E06-08","3","E:\0822_codex_project\projects\shuohao-skills\experiments\tide-marks\storyboard-full-pack\E06-08\f3.png","已存在","Codex 内置图像生成·最多 5 张真实参考图的条件生成","2026-08-24 多参考图条件生成：真实参考顺序、P01/P03 状态、P05/P06/P07 排除、受理非判决、双人闭口与受控交接边界均记录于 actual-generation 文件。","通过：程野双手开始移交封闭 P03；接收方只有一双中性手套；无脸、身体、回执、编号或标签","保留正式 f3；图生视频时以本帧和相邻帧共同约束动作阶段。"
"E06-09","1","E:\0822_codex_project\projects\shuohao-skills\experiments\tide-marks\storyboard-full-pack\E06-09\f1.png","已存在","Codex 内置图像生成·最多 5 张真实参考图的条件生成","2026-08-24 多参考图条件生成：真实参考顺序、公开透明托架、程野台词层级、P01 损伤与空白标签边界均记录于 actual-generation 文件。","通过：恰好许知遥、程野两人；P01 位于救生圈展示装置的公开透明托架内；程野处于更高石阶并开口，许知遥闭口","保留正式 f1；图生视频时以本帧和相邻帧共同约束动作阶段。"
"E06-09","2","E:\0822_codex_project\projects\shuohao-skills\experiments\tide-marks\storyboard-full-pack\E06-09\f2.png","已存在","Codex 内置图像生成·最多 5 张真实参考图的条件生成","2026-08-24 多参考图条件生成：真实参考顺序、公开透明托架、程野台词层级、P01 损伤与空白标签边界均记录于 actual-generation 文件。","通过：仅许知遥一人开口；透明支架、单张空白标签和未修复 P01 均清楚；无可读文字或第二台电台","保留正式 f2；图生视频时以本帧和相邻帧共同约束动作阶段。"
"E06-10","1","E:\0822_codex_project\projects\shuohao-skills\experiments\tide-marks\storyboard-full-pack\E06-10\f1.png","已存在","Codex 内置图像生成·最多 5 张真实参考图的条件生成","2026-08-24 多参考图条件生成：真实参考顺序、公开托架/双潮线结尾、P01 损伤、许知遥个人手机与空白通知卡边界均记录于 actual-generation 文件。","通过：仅许知遥一人且双手离开；公开透明托架、未修复 P01、救生圈装置与最低两级石阶潮线同框可辨","保留正式 f1；图生视频时以本帧和相邻帧共同约束动作阶段。"
"E06-10","2","E:\0822_codex_project\projects\shuohao-skills\experiments\tide-marks\storyboard-full-pack\E06-10\f2.png","已存在","Codex 内置图像生成·最多 5 张真实参考图的条件生成","2026-08-24 多参考图条件生成：真实参考顺序、公开托架/双潮线结尾、P01 损伤、许知遥个人手机与空白通知卡边界均记录于 actual-generation 文件。","通过：仅许知遥闭口；她自己的完整普通手机只显示一张不可读空白卡；无 P06 裂屏/波形、机构 UI 或第二部手机","保留正式 f2；图生视频时以本帧和相邻帧共同约束动作阶段。"
