"全片镜号","集","段","镜","全片开始秒","集内开始秒","集内结束秒","段内开始秒","设计时长","H3兜底生成秒","景别","运镜","人物","道具","中文内容","首帧","可选尾帧","目标视频文件","字幕/对白","声音","后期叠加","剪辑备注"
"1","1","E01-01","1","0","0","3.5","0","3.5","4","中景","跟拍","许知遥","无核心道具","动作：许知遥刚从拆迁清点处领回父亲封存多年的旧物箱，抱着铁皮箱快步冲进候船厅，箱里反复漏出少年喘息。","E:\0822_codex_project\projects\shuohao-skills\experiments\tide-marks\storyboard-full-pack\E01-01\f1.png","E:\0822_codex_project\projects\shuohao-skills\experiments\tide-marks\storyboard-full-pack\E01-01\f2.png","generated-videos/E01-01/E01-01-f1-v01.mp4","参见 offline-production/dialogue-cues.csv：E01-01/镜1","参见 offline-production/sound-music-cues.csv：E01-01","无","可用首尾帧约束；按设计时长回切"
"2","1","E01-01","2","3.5","3.5","7","3.5","3.5","4","全景","固定","许知遥","无核心道具","动作：她回身推紧候船厅的旧门。；动作：拆迁通知在售票窗上被风吹起。","E:\0822_codex_project\projects\shuohao-skills\experiments\tide-marks\storyboard-full-pack\E01-01\f2.png","E:\0822_codex_project\projects\shuohao-skills\experiments\tide-marks\storyboard-full-pack\E01-01\f3.png","generated-videos/E01-01/E01-01-f2-v01.mp4","参见 offline-production/dialogue-cues.csv：E01-01/镜2","参见 offline-production/sound-music-cues.csv：E01-01","无","可用首尾帧约束；按设计时长回切"
"3","1","E01-01","3","7","7","10.5","7","3.5","4","特写","推镜","许知遥","无核心道具","许知遥：“连他的东西也等不到明天。”（低声，压着不满）","E:\0822_codex_project\projects\shuohao-skills\experiments\tide-marks\storyboard-full-pack\E01-01\f3.png","","generated-videos/E01-01/E01-01-f3-v01.mp4","参见 offline-production/dialogue-cues.csv：E01-01/镜3","参见 offline-production/sound-music-cues.csv：E01-01","无","尾镜按设计时长输出；动作完成点允许小幅尾裁"
"4","1","E01-02","1","10.5","10.5","14","0","3.5","4","中景","固定","许知遥","无核心道具","动作：许知遥把铁皮箱放到长椅上。；动作：她掀开箱盖。","E:\0822_codex_project\projects\shuohao-skills\experiments\tide-marks\storyboard-full-pack\E01-02\f1.png","E:\0822_codex_project\projects\shuohao-skills\experiments\tide-marks\storyboard-full-pack\E01-02\f2.png","generated-videos/E01-02/E01-02-f1-v01.mp4","参见 offline-production/dialogue-cues.csv：E01-02/镜1","参见 offline-production/sound-music-cues.csv：E01-02","无","可用首尾帧约束；按设计时长回切"
"5","1","E01-02","2","14","14","17.5","3.5","3.5","4","大特写","推镜","无实体人物","橙色应急电台、黄铜船钥匙","动作：烧损的橙色电台躺在黄铜船钥匙旁。","E:\0822_codex_project\projects\shuohao-skills\experiments\tide-marks\storyboard-full-pack\E01-02\f2.png","E:\0822_codex_project\projects\shuohao-skills\experiments\tide-marks\storyboard-full-pack\E01-02\f3.png","generated-videos/E01-02/E01-02-f2-v01.mp4","参见 offline-production/dialogue-cues.csv：E01-02/镜2","参见 offline-production/sound-music-cues.csv：E01-02","无","可用首尾帧约束；按设计时长回切"
"6","1","E01-02","3","17.5","17.5","21","7","3.5","4","特写","固定","许知遥","橙色应急电台、黄铜船钥匙","许知遥：“爸，你就留下这些？”（冷淡中带失望）","E:\0822_codex_project\projects\shuohao-skills\experiments\tide-marks\storyboard-full-pack\E01-02\f3.png","","generated-videos/E01-02/E01-02-f3-v01.mp4","参见 offline-production/dialogue-cues.csv：E01-02/镜3","参见 offline-production/sound-music-cues.csv：E01-02","无","尾镜按设计时长输出；动作完成点允许小幅尾裁"
"7","1","E01-03","1","21","21","24.5","0","3.5","4","特写","推镜","许知遥","橙色应急电台","动作：她拿起电台检查烧融的外壳。；动作：电台扬声器又挤出一声短促喘息。","E:\0822_codex_project\projects\shuohao-skills\experiments\tide-marks\storyboard-full-pack\E01-03\f1.png","E:\0822_codex_project\projects\shuohao-skills\experiments\tide-marks\storyboard-full-pack\E01-03\f2.png","generated-videos/E01-03/E01-03-f1-v01.mp4","参见 offline-production/dialogue-cues.csv：E01-03/镜1","参见 offline-production/sound-music-cues.csv：E01-03","无","可用首尾帧约束；按设计时长回切"
"8","1","E01-03","2","24.5","24.5","27.5","3.5","3","3","特写","固定","许知遥","橙色应急电台","许知遥：“这不是电流声。”（立刻警觉）","E:\0822_codex_project\projects\shuohao-skills\experiments\tide-marks\storyboard-full-pack\E01-03\f2.png","E:\0822_codex_project\projects\shuohao-skills\experiments\tide-marks\storyboard-full-pack\E01-03\f3.png","generated-videos/E01-03/E01-03-f2-v01.mp4","参见 offline-production/dialogue-cues.csv：E01-03/镜2","参见 offline-production/sound-music-cues.csv：E01-03","无","可用首尾帧约束；按设计时长回切"
"9","1","E01-03","3","27.5","27.5","31.5","6.5","4","4","中景","跟拍","许知遥","橙色应急电台、黄铜船钥匙","动作：许知遥把黄铜钥匙装进口袋。；动作：她抱起电台走出候船厅。","E:\0822_codex_project\projects\shuohao-skills\experiments\tide-marks\storyboard-full-pack\E01-03\f3.png","","generated-videos/E01-03/E01-03-f3-v01.mp4","参见 offline-production/dialogue-cues.csv：E01-03/镜3","参见 offline-production/sound-music-cues.csv：E01-03","无","尾镜按设计时长输出；动作完成点允许小幅尾裁"
"10","1","E01-04","1","31.5","31.5","35","0","3.5","4","中景","固定","许知遥","橙色应急电台","动作：当晚直到次日凌晨，许知遥回到临时修复室，把电台放在灰绿修复台中央。；动作：她用软刷清掉电池仓里的盐霜。","E:\0822_codex_project\projects\shuohao-skills\experiments\tide-marks\storyboard-full-pack\E01-04\f1.png","E:\0822_codex_project\projects\shuohao-skills\experiments\tide-marks\storyboard-full-pack\E01-04\f2.png","generated-videos/E01-04/E01-04-f1-v01.mp4","参见 offline-production/dialogue-cues.csv：E01-04/镜1","参见 offline-production/sound-music-cues.csv：E01-04","无","可用首尾帧约束；按设计时长回切"
"11","1","E01-04","2","35","35","38.5","3.5","3.5","4","特写","右摇","许知遥","橙色应急电台","动作：她接上实验电源。；动作：两层屏幕同时跳出密集波形。","E:\0822_codex_project\projects\shuohao-skills\experiments\tide-marks\storyboard-full-pack\E01-04\f2.png","E:\0822_codex_project\projects\shuohao-skills\experiments\tide-marks\storyboard-full-pack\E01-04\f3.png","generated-videos/E01-04/E01-04-f2-v01.mp4","参见 offline-production/dialogue-cues.csv：E01-04/镜2","参见 offline-production/sound-music-cues.csv：E01-04","无","可用首尾帧约束；按设计时长回切"
"12","1","E01-04","3","38.5","38.5","41.5","7","3","3","特写","固定","许知遥","无核心道具","许知遥：“先保原始轨，再做副本。”（专业，语速稳定）","E:\0822_codex_project\projects\shuohao-skills\experiments\tide-marks\storyboard-full-pack\E01-04\f3.png","","generated-videos/E01-04/E01-04-f3-v01.mp4","参见 offline-production/dialogue-cues.csv：E01-04/镜3","参见 offline-production/sound-music-cues.csv：E01-04","无","尾镜按设计时长输出；动作完成点允许小幅尾裁"
"13","1","E01-05","1","41.5","41.5","45","0","3.5","4","特写","推镜","许知遥","无核心道具","动作：她戴上耳机。；动作：连续爆音盖住整条音轨。","E:\0822_codex_project\projects\shuohao-skills\experiments\tide-marks\storyboard-full-pack\E01-05\f1.png","E:\0822_codex_project\projects\shuohao-skills\experiments\tide-marks\storyboard-full-pack\E01-05\f2.png","generated-videos/E01-05/E01-05-f1-v01.mp4","参见 offline-production/dialogue-cues.csv：E01-05/镜1","参见 offline-production/sound-music-cues.csv：E01-05","无","可用首尾帧约束；按设计时长回切"
"14","1","E01-05","2","45","45","48.5","3.5","3.5","4","大特写","固定","许知遥","无核心道具","动作：许知遥拖动第一段降噪参数。","E:\0822_codex_project\projects\shuohao-skills\experiments\tide-marks\storyboard-full-pack\E01-05\f2.png","E:\0822_codex_project\projects\shuohao-skills\experiments\tide-marks\storyboard-full-pack\E01-05\f3.png","generated-videos/E01-05/E01-05-f2-v01.mp4","参见 offline-production/dialogue-cues.csv：E01-05/镜2","参见 offline-production/sound-music-cues.csv：E01-05","无","可用首尾帧约束；按设计时长回切"
"15","1","E01-05","3","48.5","48.5","51.5","7","3","3","特写","固定","许知遥","无核心道具","许知遥：“潮声太满，人声在下面。”（专注，自言自语）","E:\0822_codex_project\projects\shuohao-skills\experiments\tide-marks\storyboard-full-pack\E01-05\f3.png","","generated-videos/E01-05/E01-05-f3-v01.mp4","参见 offline-production/dialogue-cues.csv：E01-05/镜3","参见 offline-production/sound-music-cues.csv：E01-05","无","尾镜按设计时长输出；动作完成点允许小幅尾裁"
"16","1","E01-06","1","51.5","51.5","54.5","0","3","3","大特写","推镜","许知遥","无核心道具","动作：她把右声道单独放大。；动作：一个模糊男声从噪声里露出半句。","E:\0822_codex_project\projects\shuohao-skills\experiments\tide-marks\storyboard-full-pack\E01-06\f1.png","E:\0822_codex_project\projects\shuohao-skills\experiments\tide-marks\storyboard-full-pack\E01-06\f2.png","generated-videos/E01-06/E01-06-f1-v01.mp4","参见 offline-production/dialogue-cues.csv：E01-06/镜1","参见 offline-production/sound-music-cues.csv：E01-06","无","可用首尾帧约束；按设计时长回切"
"17","1","E01-06","2","54.5","54.5","57","3","2.5","3","特写","固定","许知遥","橙色应急电台","许潮：“开船的……”（录音，急促喘息）","E:\0822_codex_project\projects\shuohao-skills\experiments\tide-marks\storyboard-full-pack\E01-06\f2.png","E:\0822_codex_project\projects\shuohao-skills\experiments\tide-marks\storyboard-full-pack\E01-06\f3.png","generated-videos/E01-06/E01-06-f2-v01.mp4","参见 offline-production/dialogue-cues.csv：E01-06/镜2","参见 offline-production/sound-music-cues.csv：E01-06","无","可用首尾帧约束；按设计时长回切"
"18","1","E01-06","3","57","57","59.5","5.5","2.5","3","大特写","固定","许知遥","无核心道具","动作：许知遥猛地按下暂停。","E:\0822_codex_project\projects\shuohao-skills\experiments\tide-marks\storyboard-full-pack\E01-06\f3.png","E:\0822_codex_project\projects\shuohao-skills\experiments\tide-marks\storyboard-full-pack\E01-06\f4.png","generated-videos/E01-06/E01-06-f3-v01.mp4","参见 offline-production/dialogue-cues.csv：E01-06/镜3","参见 offline-production/sound-music-cues.csv：E01-06","无","可用首尾帧约束；按设计时长回切"
"19","1","E01-06","4","59.5","59.5","62","8","2.5","3","特写","推镜","许知遥","无核心道具","许知遥：“这个声音……”（失神，尾音发紧）","E:\0822_codex_project\projects\shuohao-skills\experiments\tide-marks\storyboard-full-pack\E01-06\f4.png","","generated-videos/E01-06/E01-06-f4-v01.mp4","参见 offline-production/dialogue-cues.csv：E01-06/镜4","参见 offline-production/sound-music-cues.csv：E01-06","无","尾镜按设计时长输出；动作完成点允许小幅尾裁"
"20","1","E01-07","1","62","62","65.5","0","3.5","4","特写","右摇","许知遥","无核心道具","动作：她从抽屉里取出一张兄妹旧照。；动作：许知遥把旧照立在屏幕边。","E:\0822_codex_project\projects\shuohao-skills\experiments\tide-marks\storyboard-full-pack\E01-07\f1.png","E:\0822_codex_project\projects\shuohao-skills\experiments\tide-marks\storyboard-full-pack\E01-07\f2.png","generated-videos/E01-07/E01-07-f1-v01.mp4","参见 offline-production/dialogue-cues.csv：E01-07/镜1","参见 offline-production/sound-music-cues.csv：E01-07","无","可用首尾帧约束；按设计时长回切"
"21","1","E01-07","2","65.5","65.5","68","3.5","2.5","3","特写","推镜","许知遥","无核心道具","许知遥：“哥，是你吗？”（极轻，第一次失去克制）","E:\0822_codex_project\projects\shuohao-skills\experiments\tide-marks\storyboard-full-pack\E01-07\f2.png","E:\0822_codex_project\projects\shuohao-skills\experiments\tide-marks\storyboard-full-pack\E01-07\f3.png","generated-videos/E01-07/E01-07-f2-v01.mp4","参见 offline-production/dialogue-cues.csv：E01-07/镜2","参见 offline-production/sound-music-cues.csv：E01-07","无","可用首尾帧约束；按设计时长回切"
"22","1","E01-07","3","68","68","70.5","6","2.5","3","大特写","固定","许知遥","橙色应急电台","动作：她重新播放那段残缺录音。","E:\0822_codex_project\projects\shuohao-skills\experiments\tide-marks\storyboard-full-pack\E01-07\f3.png","E:\0822_codex_project\projects\shuohao-skills\experiments\tide-marks\storyboard-full-pack\E01-07\f4.png","generated-videos/E01-07/E01-07-f3-v01.mp4","参见 offline-production/dialogue-cues.csv：E01-07/镜3","参见 offline-production/sound-music-cues.csv：E01-07","无","可用首尾帧约束；按设计时长回切"
"23","1","E01-07","4","70.5","70.5","73","8.5","2.5","3","特写","固定","许知遥","橙色应急电台","许潮：“开船的不是爸。”（录音，气息短促）","E:\0822_codex_project\projects\shuohao-skills\experiments\tide-marks\storyboard-full-pack\E01-07\f4.png","","generated-videos/E01-07/E01-07-f4-v01.mp4","参见 offline-production/dialogue-cues.csv：E01-07/镜4","参见 offline-production/sound-music-cues.csv：E01-07","无","尾镜按设计时长输出；动作完成点允许小幅尾裁"
"24","1","E01-08","1","73","73","75.5","0","2.5","3","大特写","固定","许知遥","无核心道具","动作：许知遥攥紧耳机线。","E:\0822_codex_project\projects\shuohao-skills\experiments\tide-marks\storyboard-full-pack\E01-08\f1.png","E:\0822_codex_project\projects\shuohao-skills\experiments\tide-marks\storyboard-full-pack\E01-08\f2.png","generated-videos/E01-08/E01-08-f1-v01.mp4","参见 offline-production/dialogue-cues.csv：E01-08/镜1","参见 offline-production/sound-music-cues.csv：E01-08","无","可用首尾帧约束；按设计时长回切"
"25","1","E01-08","2","75.5","75.5","77.5","2.5","2","2","特写","固定","许知遥","无核心道具","许知遥：“再说一遍。”（压住颤抖）","E:\0822_codex_project\projects\shuohao-skills\experiments\tide-marks\storyboard-full-pack\E01-08\f2.png","E:\0822_codex_project\projects\shuohao-skills\experiments\tide-marks\storyboard-full-pack\E01-08\f3.png","generated-videos/E01-08/E01-08-f2-v01.mp4","参见 offline-production/dialogue-cues.csv：E01-08/镜2","参见 offline-production/sound-music-cues.csv：E01-08","无","可用首尾帧约束；按设计时长回切"
"26","1","E01-08","3","77.5","77.5","81","4.5","3.5","4","大特写","推镜","许知遥","无核心道具","动作：她提高人声频段。；动作：波形里的最后两个音节变得清楚。","E:\0822_codex_project\projects\shuohao-skills\experiments\tide-marks\storyboard-full-pack\E01-08\f3.png","E:\0822_codex_project\projects\shuohao-skills\experiments\tide-marks\storyboard-full-pack\E01-08\f4.png","generated-videos/E01-08/E01-08-f3-v01.mp4","参见 offline-production/dialogue-cues.csv：E01-08/镜3","参见 offline-production/sound-music-cues.csv：E01-08","无","可用首尾帧约束；按设计时长回切"
"27","1","E01-08","4","81","81","83","8","2","2","特写","推镜","许知遥","橙色应急电台","许潮：“是高嵩。”（录音，清楚而急迫）","E:\0822_codex_project\projects\shuohao-skills\experiments\tide-marks\storyboard-full-pack\E01-08\f4.png","","generated-videos/E01-08/E01-08-f4-v01.mp4","参见 offline-production/dialogue-cues.csv：E01-08/镜4","参见 offline-production/sound-music-cues.csv：E01-08","无","尾镜按设计时长输出；动作完成点允许小幅尾裁"
"28","1","E01-09","1","83","83","86","0","3","3","中景","拉镜","许知遥","无核心道具","动作：许知遥摘下耳机站起来。","E:\0822_codex_project\projects\shuohao-skills\experiments\tide-marks\storyboard-full-pack\E01-09\f1.png","E:\0822_codex_project\projects\shuohao-skills\experiments\tide-marks\storyboard-full-pack\E01-09\f2.png","generated-videos/E01-09/E01-09-f1-v01.mp4","参见 offline-production/dialogue-cues.csv：E01-09/镜1","参见 offline-production/sound-music-cues.csv：E01-09","无","可用首尾帧约束；按设计时长回切"
"29","1","E01-09","2","86","86","89","3","3","3","特写","固定","许知遥","无核心道具","许知遥：“责任书上写的是爸。”（冷静被愤怒顶开）","E:\0822_codex_project\projects\shuohao-skills\experiments\tide-marks\storyboard-full-pack\E01-09\f2.png","E:\0822_codex_project\projects\shuohao-skills\experiments\tide-marks\storyboard-full-pack\E01-09\f3.png","generated-videos/E01-09/E01-09-f2-v01.mp4","参见 offline-production/dialogue-cues.csv：E01-09/镜2","参见 offline-production/sound-music-cues.csv：E01-09","无","可用首尾帧约束；按设计时长回切"
"30","1","E01-09","3","89","89","91","6","2","2","大特写","固定","许知遥","橙色应急电台","动作：她把责任书压到电台旁。","E:\0822_codex_project\projects\shuohao-skills\experiments\tide-marks\storyboard-full-pack\E01-09\f3.png","E:\0822_codex_project\projects\shuohao-skills\experiments\tide-marks\storyboard-full-pack\E01-09\f4.png","generated-videos/E01-09/E01-09-f3-v01.mp4","参见 offline-production/dialogue-cues.csv：E01-09/镜3","参见 offline-production/sound-music-cues.csv：E01-09","无","可用首尾帧约束；按设计时长回切"
"31","1","E01-09","4","91","91","93.5","8","2.5","3","特写","推镜","许知遥","无核心道具","许知遥：“你们谁在撒谎？”（盯着父亲签名）","E:\0822_codex_project\projects\shuohao-skills\experiments\tide-marks\storyboard-full-pack\E01-09\f4.png","","generated-videos/E01-09/E01-09-f4-v01.mp4","参见 offline-production/dialogue-cues.csv：E01-09/镜4","参见 offline-production/sound-music-cues.csv：E01-09","无","尾镜按设计时长输出；动作完成点允许小幅尾裁"
"32","1","E01-10","1","93.5","93.5","96.5","0","3","3","特写","固定","许知遥","无核心道具","动作：许知遥保存刚刚修出的三段音频副本。","E:\0822_codex_project\projects\shuohao-skills\experiments\tide-marks\storyboard-full-pack\E01-10\f1.png","E:\0822_codex_project\projects\shuohao-skills\experiments\tide-marks\storyboard-full-pack\E01-10\f2.png","generated-videos/E01-10/E01-10-f1-v01.mp4","参见 offline-production/dialogue-cues.csv：E01-10/镜1","参见 offline-production/sound-music-cues.csv：E01-10","无","可用首尾帧约束；按设计时长回切"
"33","1","E01-10","2","96.5","96.5","99.5","3","3","3","中景","推镜","许知遥","橙色应急电台","动作：她继续向后拖动未修复的音轨。","E:\0822_codex_project\projects\shuohao-skills\experiments\tide-marks\storyboard-full-pack\E01-10\f2.png","E:\0822_codex_project\projects\shuohao-skills\experiments\tide-marks\storyboard-full-pack\E01-10\f3.png","generated-videos/E01-10/E01-10-f2-v01.mp4","参见 offline-production/dialogue-cues.csv：E01-10/镜2","参见 offline-production/sound-music-cues.csv：E01-10","无","可用首尾帧约束；按设计时长回切"
"34","1","E01-10","3","99.5","99.5","102","6","2.5","3","大特写","固定","无实体人物","橙色应急电台","动作：电台突然爆出规律蜂鸣。","E:\0822_codex_project\projects\shuohao-skills\experiments\tide-marks\storyboard-full-pack\E01-10\f3.png","E:\0822_codex_project\projects\shuohao-skills\experiments\tide-marks\storyboard-full-pack\E01-10\f4.png","generated-videos/E01-10/E01-10-f3-v01.mp4","参见 offline-production/dialogue-cues.csv：E01-10/镜3","参见 offline-production/sound-music-cues.csv：E01-10","无","可用首尾帧约束；按设计时长回切"
"35","1","E01-10","4","102","102","104.5","8.5","2.5","3","大特写","推镜","无实体人物","黄铜船钥匙","动作：黄铜钥匙随震动滑到未修复的波形屏下。","E:\0822_codex_project\projects\shuohao-skills\experiments\tide-marks\storyboard-full-pack\E01-10\f4.png","","generated-videos/E01-10/E01-10-f4-v01.mp4","参见 offline-production/dialogue-cues.csv：E01-10/镜4","参见 offline-production/sound-music-cues.csv：E01-10","无","尾镜按设计时长输出；动作完成点允许小幅尾裁"
"36","2","E02-01","1","104.5","0","3","0","3","3","中景","跟拍","许知遥、程野","橙色应急电台","动作：程野收到许知遥连夜发来的报时片段和时间疑点后，带着事故记录快步推门进来，把记录压到滚动的报时波形旁。","E:\0822_codex_project\projects\shuohao-skills\experiments\tide-marks\storyboard-full-pack\E02-01\f1.png","E:\0822_codex_project\projects\shuohao-skills\experiments\tide-marks\storyboard-full-pack\E02-01\f2.png","generated-videos/E02-01/E02-01-f1-v01.mp4","参见 offline-production/dialogue-cues.csv：E02-01/镜1","参见 offline-production/sound-music-cues.csv：E02-01","无","可用首尾帧约束；按设计时长回切"
"37","2","E02-01","2","107.5","3","6","3","3","3","特写","固定","程野","无核心道具","程野：“官方写一点二十分离岸。”（低沉，直接进入正题）","E:\0822_codex_project\projects\shuohao-skills\experiments\tide-marks\storyboard-full-pack\E02-01\f2.png","E:\0822_codex_project\projects\shuohao-skills\experiments\tide-marks\storyboard-full-pack\E02-01\f3.png","generated-videos/E02-01/E02-01-f2-v01.mp4","参见 offline-production/dialogue-cues.csv：E02-01/镜2","参见 offline-production/sound-music-cues.csv：E02-01","无","可用首尾帧约束；按设计时长回切"
"38","2","E02-01","3","110.5","6","10.5","6","4.5","5","中景","右摇","许知遥、程野","橙色应急电台","动作：许知遥把电台录音拉回蜂鸣处。；许知遥：“这段报时在一点四十七。”（逐字核对）","E:\0822_codex_project\projects\shuohao-skills\experiments\tide-marks\storyboard-full-pack\E02-01\f3.png","E:\0822_codex_project\projects\shuohao-skills\experiments\tide-marks\storyboard-full-pack\E02-01\f4.png","generated-videos/E02-01/E02-01-f3-v01.mp4","参见 offline-production/dialogue-cues.csv：E02-01/镜3","参见 offline-production/sound-music-cues.csv：E02-01","无","可用首尾帧约束；按设计时长回切"
"39","2","E02-01","4","115","10.5","13","10.5","2.5","3","大特写","推镜","许知遥","橙色应急电台","动作：她按下播放。","E:\0822_codex_project\projects\shuohao-skills\experiments\tide-marks\storyboard-full-pack\E02-01\f4.png","","generated-videos/E02-01/E02-01-f4-v01.mp4","参见 offline-production/dialogue-cues.csv：E02-01/镜4","参见 offline-production/sound-music-cues.csv：E02-01","无","尾镜按设计时长输出；动作完成点允许小幅尾裁"
"40","2","E02-02","1","117.5","13","16","0","3","3","大特写","固定","无实体人物","橙色应急电台","许潮：“七月十九，一点四十七。”（录音，远而破碎）","E:\0822_codex_project\projects\shuohao-skills\experiments\tide-marks\storyboard-full-pack\E02-02\f1.png","E:\0822_codex_project\projects\shuohao-skills\experiments\tide-marks\storyboard-full-pack\E02-02\f2.png","generated-videos/E02-02/E02-02-f1-v01.mp4","参见 offline-production/dialogue-cues.csv：E02-02/镜1","参见 offline-production/sound-music-cues.csv：E02-02","无","可用首尾帧约束；按设计时长回切"
"41","2","E02-02","2","120.5","16","20","3","4","4","中景","推镜","许知遥、程野","橙色应急电台","动作：程野靠近扬声器。；动作：规律蜂鸣再次穿过潮声。","E:\0822_codex_project\projects\shuohao-skills\experiments\tide-marks\storyboard-full-pack\E02-02\f2.png","E:\0822_codex_project\projects\shuohao-skills\experiments\tide-marks\storyboard-full-pack\E02-02\f3.png","generated-videos/E02-02/E02-02-f2-v01.mp4","参见 offline-production/dialogue-cues.csv：E02-02/镜2","参见 offline-production/sound-music-cues.csv：E02-02","无","可用首尾帧约束；按设计时长回切"
"42","2","E02-02","3","124.5","20","22.5","7","2.5","3","特写","固定","程野","橙色应急电台","程野：“这是货仓防潮报警器。”（确认，语气发沉）","E:\0822_codex_project\projects\shuohao-skills\experiments\tide-marks\storyboard-full-pack\E02-02\f3.png","","generated-videos/E02-02/E02-02-f3-v01.mp4","参见 offline-production/dialogue-cues.csv：E02-02/镜3","参见 offline-production/sound-music-cues.csv：E02-02","无","尾镜按设计时长输出；动作完成点允许小幅尾裁"
"43","2","E02-03","1","127","22.5","24.5","0","2","2","特写","固定","许知遥","无核心道具","许知遥：“不是船上的？”（迅速追问）","E:\0822_codex_project\projects\shuohao-skills\experiments\tide-marks\storyboard-full-pack\E02-03\f1.png","E:\0822_codex_project\projects\shuohao-skills\experiments\tide-marks\storyboard-full-pack\E02-03\f2.png","generated-videos/E02-03/E02-03-f1-v01.mp4","参见 offline-production/dialogue-cues.csv：E02-03/镜1","参见 offline-production/sound-music-cues.csv：E02-03","无","可用首尾帧约束；按设计时长回切"
"44","2","E02-03","2","129","24.5","28.5","2","4","4","特写","推镜","程野","无核心道具","动作：程野摇头。；程野：“每三十秒一次，我从小听到大。”（笃定）","E:\0822_codex_project\projects\shuohao-skills\experiments\tide-marks\storyboard-full-pack\E02-03\f2.png","E:\0822_codex_project\projects\shuohao-skills\experiments\tide-marks\storyboard-full-pack\E02-03\f3.png","generated-videos/E02-03/E02-03-f2-v01.mp4","参见 offline-production/dialogue-cues.csv：E02-03/镜2","参见 offline-production/sound-music-cues.csv：E02-03","无","可用首尾帧约束；按设计时长回切"
"45","2","E02-03","3","133","28.5","32.5","6","4","4","大特写","右摇","许知遥","无核心道具","动作：许知遥把两条时间写在同一张纸上。；许知遥：“哥哥那时还在岸上。”（压住激动）","E:\0822_codex_project\projects\shuohao-skills\experiments\tide-marks\storyboard-full-pack\E02-03\f3.png","E:\0822_codex_project\projects\shuohao-skills\experiments\tide-marks\storyboard-full-pack\E02-03\f4.png","generated-videos/E02-03/E02-03-f3-v01.mp4","参见 offline-production/dialogue-cues.csv：E02-03/镜3","参见 offline-production/sound-music-cues.csv：E02-03","无","可用首尾帧约束；按设计时长回切"
"46","2","E02-03","4","137","32.5","35.5","10","3","3","特写","固定","程野","无核心道具","程野：“至少有一份记录是假的。”（简短，回避她的目光）","E:\0822_codex_project\projects\shuohao-skills\experiments\tide-marks\storyboard-full-pack\E02-03\f4.png","","generated-videos/E02-03/E02-03-f4-v01.mp4","参见 offline-production/dialogue-cues.csv：E02-03/镜4","参见 offline-production/sound-music-cues.csv：E02-03","无","尾镜按设计时长输出；动作完成点允许小幅尾裁"
"47","2","E02-04","1","140","35.5","39","0","3.5","4","特写","推镜","许知遥、程野","无核心道具","动作：许知遥注意到他的回避。；许知遥：“你还知道什么？”（冷下来）","E:\0822_codex_project\projects\shuohao-skills\experiments\tide-marks\storyboard-full-pack\E02-04\f1.png","E:\0822_codex_project\projects\shuohao-skills\experiments\tide-marks\storyboard-full-pack\E02-04\f2.png","generated-videos/E02-04/E02-04-f1-v01.mp4","参见 offline-production/dialogue-cues.csv：E02-04/镜1","参见 offline-production/sound-music-cues.csv：E02-04","无","可用首尾帧约束；按设计时长回切"
"48","2","E02-04","2","143.5","39","41.5","3.5","2.5","3","大特写","固定","程野","无核心道具","动作：程野握紧椅背。","E:\0822_codex_project\projects\shuohao-skills\experiments\tide-marks\storyboard-full-pack\E02-04\f2.png","E:\0822_codex_project\projects\shuohao-skills\experiments\tide-marks\storyboard-full-pack\E02-04\f3.png","generated-videos/E02-04/E02-04-f2-v01.mp4","参见 offline-production/dialogue-cues.csv：E02-04/镜2","参见 offline-production/sound-music-cues.csv：E02-04","无","可用首尾帧约束；按设计时长回切"
"49","2","E02-04","3","146","41.5","45.5","6","4","4","特写","推镜","程野","无核心道具","程野：“事故第二天，我捡到过半块船牌。”（停顿后承认）","E:\0822_codex_project\projects\shuohao-skills\experiments\tide-marks\storyboard-full-pack\E02-04\f3.png","","generated-videos/E02-04/E02-04-f3-v01.mp4","参见 offline-production/dialogue-cues.csv：E02-04/镜3","参见 offline-production/sound-music-cues.csv：E02-04","无","尾镜按设计时长输出；动作完成点允许小幅尾裁"
"50","2","E02-05","1","150","45.5","47.5","0","2","2","特写","固定","许知遥","无核心道具","许知遥：“船牌呢？”（立刻追问）","E:\0822_codex_project\projects\shuohao-skills\experiments\tide-marks\storyboard-full-pack\E02-05\f1.png","E:\0822_codex_project\projects\shuohao-skills\experiments\tide-marks\storyboard-full-pack\E02-05\f2.png","generated-videos/E02-05/E02-05-f1-v01.mp4","参见 offline-production/dialogue-cues.csv：E02-05/镜1","参见 offline-production/sound-music-cues.csv：E02-05","无","可用首尾帧约束；按设计时长回切"
"51","2","E02-05","2","152","47.5","51","2","3.5","4","特写","拉镜","程野","无核心道具","动作：程野松开椅背。；程野：“被我扔回水里了。”（负疚，句尾收短）","E:\0822_codex_project\projects\shuohao-skills\experiments\tide-marks\storyboard-full-pack\E02-05\f2.png","E:\0822_codex_project\projects\shuohao-skills\experiments\tide-marks\storyboard-full-pack\E02-05\f3.png","generated-videos/E02-05/E02-05-f2-v01.mp4","参见 offline-production/dialogue-cues.csv：E02-05/镜2","参见 offline-production/sound-music-cues.csv：E02-05","无","可用首尾帧约束；按设计时长回切"
"52","2","E02-05","3","155.5","51","54","5.5","3","3","中景","左摇","许知遥、程野","无核心道具","许知遥：“谁让你扔的？”（声音发硬）；动作：程野看向桌上的父亲旧照。","E:\0822_codex_project\projects\shuohao-skills\experiments\tide-marks\storyboard-full-pack\E02-05\f3.png","E:\0822_codex_project\projects\shuohao-skills\experiments\tide-marks\storyboard-full-pack\E02-05\f4.png","generated-videos/E02-05/E02-05-f3-v01.mp4","参见 offline-production/dialogue-cues.csv：E02-05/镜3","参见 offline-production/sound-music-cues.csv：E02-05","无","可用首尾帧约束；按设计时长回切"
"53","2","E02-05","4","158.5","54","56","8.5","2","2","特写","固定","程野","无核心道具","程野：“许叔。”（很轻）","E:\0822_codex_project\projects\shuohao-skills\experiments\tide-marks\storyboard-full-pack\E02-05\f4.png","E:\0822_codex_project\projects\shuohao-skills\experiments\tide-marks\storyboard-full-pack\E02-05\f5.png","generated-videos/E02-05/E02-05-f4-v01.mp4","参见 offline-production/dialogue-cues.csv：E02-05/镜4","参见 offline-production/sound-music-cues.csv：E02-05","无","可用首尾帧约束；按设计时长回切"
"54","2","E02-05","5","160.5","56","59.5","10.5","3.5","4","中景","跟拍","许知遥、程野","黄铜船钥匙","动作：许知遥抓起黄铜钥匙。；许知遥：“去货仓。现在。”（果断）","E:\0822_codex_project\projects\shuohao-skills\experiments\tide-marks\storyboard-full-pack\E02-05\f5.png","","generated-videos/E02-05/E02-05-f5-v01.mp4","参见 offline-production/dialogue-cues.csv：E02-05/镜5","参见 offline-production/sound-music-cues.csv：E02-05","无","尾镜按设计时长输出；动作完成点允许小幅尾裁"
"55","2","E02-06","1","164","59.5","62.5","0","3","3","全景","跟拍","许知遥、程野","黄铜船钥匙","动作：许知遥快步走到货仓钢门前。","E:\0822_codex_project\projects\shuohao-skills\experiments\tide-marks\storyboard-full-pack\E02-06\f1.png","E:\0822_codex_project\projects\shuohao-skills\experiments\tide-marks\storyboard-full-pack\E02-06\f2.png","generated-videos/E02-06/E02-06-f1-v01.mp4","参见 offline-production/dialogue-cues.csv：E02-06/镜1","参见 offline-production/sound-music-cues.csv：E02-06","无","可用首尾帧约束；按设计时长回切"
"56","2","E02-06","2","167","62.5","66","3","3.5","4","大特写","推镜","许知遥","黄铜船钥匙","动作：她把黄铜钥匙插进新挂锁。；动作：钥匙无法转动。","E:\0822_codex_project\projects\shuohao-skills\experiments\tide-marks\storyboard-full-pack\E02-06\f2.png","E:\0822_codex_project\projects\shuohao-skills\experiments\tide-marks\storyboard-full-pack\E02-06\f3.png","generated-videos/E02-06/E02-06-f2-v01.mp4","参见 offline-production/dialogue-cues.csv：E02-06/镜2","参见 offline-production/sound-music-cues.csv：E02-06","无","可用首尾帧约束；按设计时长回切"
"57","2","E02-06","3","170.5","66","68","6.5","2","2","特写","固定","许知遥","黄铜船钥匙","许知遥：“锁是后来换的。”（迅速判断）","E:\0822_codex_project\projects\shuohao-skills\experiments\tide-marks\storyboard-full-pack\E02-06\f3.png","E:\0822_codex_project\projects\shuohao-skills\experiments\tide-marks\storyboard-full-pack\E02-06\f4.png","generated-videos/E02-06/E02-06-f3-v01.mp4","参见 offline-production/dialogue-cues.csv：E02-06/镜3","参见 offline-production/sound-music-cues.csv：E02-06","无","可用首尾帧约束；按设计时长回切"
"58","2","E02-06","4","172.5","68","70.5","8.5","2.5","3","中景","右摇","程野","无核心道具","动作：程野推开虚掩的侧门。","E:\0822_codex_project\projects\shuohao-skills\experiments\tide-marks\storyboard-full-pack\E02-06\f4.png","","generated-videos/E02-06/E02-06-f4-v01.mp4","参见 offline-production/dialogue-cues.csv：E02-06/镜4","参见 offline-production/sound-music-cues.csv：E02-06","无","尾镜按设计时长输出；动作完成点允许小幅尾裁"
"59","2","E02-07","1","175","70.5","73.5","0","3","3","全景","跟拍","许知遥、程野","橙色应急电台、黄铜船钥匙","动作：两人进入昏暗货仓。","E:\0822_codex_project\projects\shuohao-skills\experiments\tide-marks\storyboard-full-pack\E02-07\f1.png","E:\0822_codex_project\projects\shuohao-skills\experiments\tide-marks\storyboard-full-pack\E02-07\f2.png","generated-videos/E02-07/E02-07-f1-v01.mp4","参见 offline-production/dialogue-cues.csv：E02-07/镜1","参见 offline-production/sound-music-cues.csv：E02-07","无","可用首尾帧约束；按设计时长回切"
"60","2","E02-07","2","178","73.5","77.5","3","4","4","大特写","推镜","无实体人物","橙色应急电台","动作：后墙报警器亮起琥珀灯。；动作：蜂鸣与电台录音重叠。","E:\0822_codex_project\projects\shuohao-skills\experiments\tide-marks\storyboard-full-pack\E02-07\f2.png","E:\0822_codex_project\projects\shuohao-skills\experiments\tide-marks\storyboard-full-pack\E02-07\f3.png","generated-videos/E02-07/E02-07-f2-v01.mp4","参见 offline-production/dialogue-cues.csv：E02-07/镜2","参见 offline-production/sound-music-cues.csv：E02-07","无","可用首尾帧约束；按设计时长回切"
"61","2","E02-07","3","182","77.5","79.5","7","2","2","特写","固定","程野","橙色应急电台","程野：“就是这个声音。”（确认）","E:\0822_codex_project\projects\shuohao-skills\experiments\tide-marks\storyboard-full-pack\E02-07\f3.png","","generated-videos/E02-07/E02-07-f3-v01.mp4","参见 offline-production/dialogue-cues.csv：E02-07/镜3","参见 offline-production/sound-music-cues.csv：E02-07","无","尾镜按设计时长输出；动作完成点允许小幅尾裁"
"62","2","E02-08","1","184","79.5","82","0","2.5","3","中景","跟拍","许知遥、程野","黄铜船钥匙","动作：许知遥走到嵌墙消防柜前。","E:\0822_codex_project\projects\shuohao-skills\experiments\tide-marks\storyboard-full-pack\E02-08\f1.png","E:\0822_codex_project\projects\shuohao-skills\experiments\tide-marks\storyboard-full-pack\E02-08\f2.png","generated-videos/E02-08/E02-08-f1-v01.mp4","参见 offline-production/dialogue-cues.csv：E02-08/镜1","参见 offline-production/sound-music-cues.csv：E02-08","无","可用首尾帧约束；按设计时长回切"
"63","2","E02-08","2","186.5","82","85.5","2.5","3.5","4","大特写","推镜","许知遥","黄铜船钥匙","动作：她把钥匙插进消防柜锁孔。；动作：消防柜门弹开。","E:\0822_codex_project\projects\shuohao-skills\experiments\tide-marks\storyboard-full-pack\E02-08\f2.png","E:\0822_codex_project\projects\shuohao-skills\experiments\tide-marks\storyboard-full-pack\E02-08\f3.png","generated-videos/E02-08/E02-08-f2-v01.mp4","参见 offline-production/dialogue-cues.csv：E02-08/镜2","参见 offline-production/sound-music-cues.csv：E02-08","无","可用首尾帧约束；按设计时长回切"
"64","2","E02-08","3","190","85.5","87.5","6","2","2","特写","固定","许知遥","黄铜船钥匙","许知遥：“它开的是这里。”（意外）","E:\0822_codex_project\projects\shuohao-skills\experiments\tide-marks\storyboard-full-pack\E02-08\f3.png","E:\0822_codex_project\projects\shuohao-skills\experiments\tide-marks\storyboard-full-pack\E02-08\f4.png","generated-videos/E02-08/E02-08-f3-v01.mp4","参见 offline-production/dialogue-cues.csv：E02-08/镜3","参见 offline-production/sound-music-cues.csv：E02-08","无","可用首尾帧约束；按设计时长回切"
"65","2","E02-08","4","192","87.5","90.5","8","3","3","中景","右摇","许知遥、程野","无核心道具","动作：程野取出发霉的值班日志。","E:\0822_codex_project\projects\shuohao-skills\experiments\tide-marks\storyboard-full-pack\E02-08\f4.png","","generated-videos/E02-08/E02-08-f4-v01.mp4","参见 offline-production/dialogue-cues.csv：E02-08/镜4","参见 offline-production/sound-music-cues.csv：E02-08","无","尾镜按设计时长输出；动作完成点允许小幅尾裁"
"66","2","E02-09","1","195","90.5","94.5","0","4","4","特写","推镜","许知遥、程野","无核心道具","动作：许知遥翻到七月十九日。；许知遥：“一点二十分，许德海当班。”（读出记录）","E:\0822_codex_project\projects\shuohao-skills\experiments\tide-marks\storyboard-full-pack\E02-09\f1.png","E:\0822_codex_project\projects\shuohao-skills\experiments\tide-marks\storyboard-full-pack\E02-09\f2.png","generated-videos/E02-09/E02-09-f1-v01.mp4","参见 offline-production/dialogue-cues.csv：E02-09/镜1","参见 offline-production/sound-music-cues.csv：E02-09","无","可用首尾帧约束；按设计时长回切"
"67","2","E02-09","2","199","94.5","99","4","4.5","5","特写","固定","程野","橙色应急电台","程野：“可一点四十七，报警器还在录音里。”（盯住两条时间）","E:\0822_codex_project\projects\shuohao-skills\experiments\tide-marks\storyboard-full-pack\E02-09\f2.png","E:\0822_codex_project\projects\shuohao-skills\experiments\tide-marks\storyboard-full-pack\E02-09\f3.png","generated-videos/E02-09/E02-09-f2-v01.mp4","参见 offline-production/dialogue-cues.csv：E02-09/镜2","参见 offline-production/sound-music-cues.csv：E02-09","无","可用首尾帧约束；按设计时长回切"
"68","2","E02-09","3","203.5","99","103","8.5","4","4","中景","左摇","许知遥、程野","橙色应急电台","动作：许知遥把日志放到电台旁。；许知遥：“哥哥在这儿，爸却被写在船上。”（愤怒渐起）","E:\0822_codex_project\projects\shuohao-skills\experiments\tide-marks\storyboard-full-pack\E02-09\f3.png","","generated-videos/E02-09/E02-09-f3-v01.mp4","参见 offline-production/dialogue-cues.csv：E02-09/镜3","参见 offline-production/sound-music-cues.csv：E02-09","无","尾镜按设计时长输出；动作完成点允许小幅尾裁"
"69","2","E02-10","1","207.5","103","107","0","4","4","中景","拉镜","许知遥、程野","无核心道具","动作：程野蹲在消防柜边。；程野：“许叔那天不是怕我找到船。”（终于直面记忆）","E:\0822_codex_project\projects\shuohao-skills\experiments\tide-marks\storyboard-full-pack\E02-10\f1.png","E:\0822_codex_project\projects\shuohao-skills\experiments\tide-marks\storyboard-full-pack\E02-10\f2.png","generated-videos/E02-10/E02-10-f1-v01.mp4","参见 offline-production/dialogue-cues.csv：E02-10/镜1","参见 offline-production/sound-music-cues.csv：E02-10","无","可用首尾帧约束；按设计时长回切"
"70","2","E02-10","2","211.5","107","109","4","2","2","特写","固定","许知遥","无核心道具","许知遥：“那他怕什么？”（逼问）","E:\0822_codex_project\projects\shuohao-skills\experiments\tide-marks\storyboard-full-pack\E02-10\f2.png","E:\0822_codex_project\projects\shuohao-skills\experiments\tide-marks\storyboard-full-pack\E02-10\f3.png","generated-videos/E02-10/E02-10-f2-v01.mp4","参见 offline-production/dialogue-cues.csv：E02-10/镜2","参见 offline-production/sound-music-cues.csv：E02-10","无","可用首尾帧约束；按设计时长回切"
"71","2","E02-10","3","213.5","109","113.5","6","4.5","5","全景","推镜","许知遥、程野","无核心道具","动作：程野抬头看向货仓深处。；程野：“他当时盯着这里，只说谁都不要再找。”（低声，留下疑点）","E:\0822_codex_project\projects\shuohao-skills\experiments\tide-marks\storyboard-full-pack\E02-10\f3.png","","generated-videos/E02-10/E02-10-f3-v01.mp4","参见 offline-production/dialogue-cues.csv：E02-10/镜3","参见 offline-production/sound-music-cues.csv：E02-10","无","尾镜按设计时长输出；动作完成点允许小幅尾裁"
"72","3","E03-01","1","218","0","4","0","4","4","大特写","推镜","高嵩","无核心道具","动作：货仓侧门被巡场人员发现开启后，高嵩接到通知快步赶来，一把按住刚从消防柜取出的发霉值班日志。；高嵩：“旧纸受潮，碰坏了没人负责。”（温和，手没有松开）","E:\0822_codex_project\projects\shuohao-skills\experiments\tide-marks\storyboard-full-pack\E03-01\f1.png","E:\0822_codex_project\projects\shuohao-skills\experiments\tide-marks\storyboard-full-pack\E03-01\f2.png","generated-videos/E03-01/E03-01-f1-v01.mp4","参见 offline-production/dialogue-cues.csv：E03-01/镜1","参见 offline-production/sound-music-cues.csv：E03-01","无","可用首尾帧约束；按设计时长回切"
"73","3","E03-01","2","222","4","8","4","4","4","大特写","固定","许知遥","无核心道具","动作：许知遥把值班日志从他手下抽走，并与程野带来的事故记录并排。；许知遥：“一点二十仍值班，一点四十七仍报警。”（冷静核对两条时间）","E:\0822_codex_project\projects\shuohao-skills\experiments\tide-marks\storyboard-full-pack\E03-01\f2.png","E:\0822_codex_project\projects\shuohao-skills\experiments\tide-marks\storyboard-full-pack\E03-01\f3.png","generated-videos/E03-01/E03-01-f2-v01.mp4","参见 offline-production/dialogue-cues.csv：E03-01/镜2","参见 offline-production/sound-music-cues.csv：E03-01","无","可用首尾帧约束；按设计时长回切"
"74","3","E03-01","3","226","8","12","8","4","4","大特写","固定","程野","无核心道具","动作：程野的手指在值班日志与事故记录的时间栏之间移动。；程野：“可事故记录写他一点二十已经开船。”（简短，指出记录冲突）","E:\0822_codex_project\projects\shuohao-skills\experiments\tide-marks\storyboard-full-pack\E03-01\f3.png","","generated-videos/E03-01/E03-01-f3-v01.mp4","参见 offline-production/dialogue-cues.csv：E03-01/镜3","参见 offline-production/sound-music-cues.csv：E03-01","无","尾镜按设计时长输出；动作完成点允许小幅尾裁"
"75","3","E03-02","1","230","12","16","0","4","4","大特写","推镜","高嵩","无核心道具","动作：高嵩整理被碰皱的袖口。；高嵩：“十五年前的纸，能说明什么？”（保持笑意）","E:\0822_codex_project\projects\shuohao-skills\experiments\tide-marks\storyboard-full-pack\E03-02\f1.png","E:\0822_codex_project\projects\shuohao-skills\experiments\tide-marks\storyboard-full-pack\E03-02\f2.png","generated-videos/E03-02/E03-02-f1-v01.mp4","参见 offline-production/dialogue-cues.csv：E03-02/镜1","参见 offline-production/sound-music-cues.csv：E03-02","无","可用首尾帧约束；按设计时长回切"
"76","3","E03-02","2","234","16","20","4","4","4","大特写","固定","许知遥","橙色应急电台","动作：许知遥把电台放到日志旁。；许知遥：“能说明你急着清掉这里。”（观察他的反应）","E:\0822_codex_project\projects\shuohao-skills\experiments\tide-marks\storyboard-full-pack\E03-02\f2.png","E:\0822_codex_project\projects\shuohao-skills\experiments\tide-marks\storyboard-full-pack\E03-02\f3.png","generated-videos/E03-02/E03-02-f2-v01.mp4","参见 offline-production/dialogue-cues.csv：E03-02/镜2","参见 offline-production/sound-music-cues.csv：E03-02","无","可用首尾帧约束；按设计时长回切"
"77","3","E03-02","3","238","20","23.5","8","3.5","4","特写","固定","高嵩","无核心道具","高嵩：“我是在替你父亲留体面。”（替她定义利害）","E:\0822_codex_project\projects\shuohao-skills\experiments\tide-marks\storyboard-full-pack\E03-02\f3.png","","generated-videos/E03-02/E03-02-f3-v01.mp4","参见 offline-production/dialogue-cues.csv：E03-02/镜3","参见 offline-production/sound-music-cues.csv：E03-02","无","尾镜按设计时长输出；动作完成点允许小幅尾裁"
"78","3","E03-03","1","241.5","23.5","27.5","0","4","4","特写","推镜","许知遥、高嵩","无核心道具","动作：他把责任书推到许知遥面前。；高嵩：“签名是他的，责任也是他的。”（音量不高，句句压人）","E:\0822_codex_project\projects\shuohao-skills\experiments\tide-marks\storyboard-full-pack\E03-03\f1.png","E:\0822_codex_project\projects\shuohao-skills\experiments\tide-marks\storyboard-full-pack\E03-03\f2.png","generated-videos/E03-03/E03-03-f1-v01.mp4","参见 offline-production/dialogue-cues.csv：E03-03/镜1","参见 offline-production/sound-music-cues.csv：E03-03","无","可用首尾帧约束；按设计时长回切"
"79","3","E03-03","2","245.5","27.5","31.5","4","4","4","特写","固定","许知遥","无核心道具","动作：许知遥拿起责任书。；许知遥：“一点四十七，他不在船上。”（逐字核对）","E:\0822_codex_project\projects\shuohao-skills\experiments\tide-marks\storyboard-full-pack\E03-03\f2.png","E:\0822_codex_project\projects\shuohao-skills\experiments\tide-marks\storyboard-full-pack\E03-03\f3.png","generated-videos/E03-03/E03-03-f2-v01.mp4","参见 offline-production/dialogue-cues.csv：E03-03/镜2","参见 offline-production/sound-music-cues.csv：E03-03","无","可用首尾帧约束；按设计时长回切"
"80","3","E03-03","3","249.5","31.5","35.5","8","4","4","大特写","固定","许知遥、程野","橙色应急电台","高嵩：“录音修出来什么，全凭你说。”（轻描淡写）","E:\0822_codex_project\projects\shuohao-skills\experiments\tide-marks\storyboard-full-pack\E03-03\f3.png","","generated-videos/E03-03/E03-03-f3-v01.mp4","参见 offline-production/dialogue-cues.csv：E03-03/镜3","参见 offline-production/sound-music-cues.csv：E03-03","无","尾镜按设计时长输出；动作完成点允许小幅尾裁"
"81","3","E03-04","1","253.5","35.5","39.5","0","4","4","大特写","推镜","程野","橙色应急电台","动作：程野挡在电台前。；程野：“报警器不会替她撒谎。”（低沉）","E:\0822_codex_project\projects\shuohao-skills\experiments\tide-marks\storyboard-full-pack\E03-04\f1.png","E:\0822_codex_project\projects\shuohao-skills\experiments\tide-marks\storyboard-full-pack\E03-04\f2.png","generated-videos/E03-04/E03-04-f1-v01.mp4","参见 offline-production/dialogue-cues.csv：E03-04/镜1","参见 offline-production/sound-music-cues.csv：E03-04","无","可用首尾帧约束；按设计时长回切"
"82","3","E03-04","2","257.5","39.5","43","4","3.5","4","中景","右摇","高嵩","无核心道具","动作：货仓外传来拆迁设备启动声。；动作：高嵩转身走向门口。","E:\0822_codex_project\projects\shuohao-skills\experiments\tide-marks\storyboard-full-pack\E03-04\f2.png","E:\0822_codex_project\projects\shuohao-skills\experiments\tide-marks\storyboard-full-pack\E03-04\f3.png","generated-videos/E03-04/E03-04-f2-v01.mp4","参见 offline-production/dialogue-cues.csv：E03-04/镜2","参见 offline-production/sound-music-cues.csv：E03-04","无","可用首尾帧约束；按设计时长回切"
"83","3","E03-04","3","261","43","48","7.5","5","5","特写","固定","高嵩","无核心道具","高嵩：“我给你们十分钟。”（平静施压）；高嵩：“遗物交给我，旧事到此为止。”（像谈交易）","E:\0822_codex_project\projects\shuohao-skills\experiments\tide-marks\storyboard-full-pack\E03-04\f3.png","","generated-videos/E03-04/E03-04-f3-v01.mp4","参见 offline-production/dialogue-cues.csv：E03-04/镜3","参见 offline-production/sound-music-cues.csv：E03-04","无","尾镜按设计时长输出；动作完成点允许小幅尾裁"
"84","3","E03-05","1","266","48","51.5","0","3.5","4","全景","跟拍","高嵩、程野","无核心道具","动作：他走出货仓接起电话。；动作：程野重新蹲到消防柜前。","E:\0822_codex_project\projects\shuohao-skills\experiments\tide-marks\storyboard-full-pack\E03-05\f1.png","E:\0822_codex_project\projects\shuohao-skills\experiments\tide-marks\storyboard-full-pack\E03-05\f2.png","generated-videos/E03-05/E03-05-f1-v01.mp4","参见 offline-production/dialogue-cues.csv：E03-05/镜1","参见 offline-production/sound-music-cues.csv：E03-05","无","可用首尾帧约束；按设计时长回切"
"85","3","E03-05","2","269.5","51.5","55","3.5","3.5","4","大特写","固定","程野","橙色应急电台","动作：他从夹层抽出油纸包裹的清单。；程野：“他怕的不是电台，是这个。”（压低声音）","E:\0822_codex_project\projects\shuohao-skills\experiments\tide-marks\storyboard-full-pack\E03-05\f2.png","","generated-videos/E03-05/E03-05-f2-v01.mp4","参见 offline-production/dialogue-cues.csv：E03-05/镜2","参见 offline-production/sound-music-cues.csv：E03-05","无","尾镜按设计时长输出；动作完成点允许小幅尾裁"
"86","3","E03-06","1","273","55","58.5","0","3.5","4","大特写","固定","许知遥","无核心道具","动作：许知遥把高嵩私章与六行数量拍进手机。；许知遥：“先留副本。”（恢复专业冷静）","E:\0822_codex_project\projects\shuohao-skills\experiments\tide-marks\storyboard-full-pack\E03-06\f1.png","E:\0822_codex_project\projects\shuohao-skills\experiments\tide-marks\storyboard-full-pack\E03-06\f2.png","generated-videos/E03-06/E03-06-f1-v01.mp4","参见 offline-production/dialogue-cues.csv：E03-06/镜1","参见 offline-production/sound-music-cues.csv：E03-06","无","可用首尾帧约束；按设计时长回切"
"87","3","E03-06","2","276.5","58.5","62","3.5","3.5","4","大特写","跟拍","许知遥、程野","黄铜船钥匙","动作：许知遥把黄铜钥匙放到清单旁。；动作：程野查看钥匙环上的两道压痕。","E:\0822_codex_project\projects\shuohao-skills\experiments\tide-marks\storyboard-full-pack\E03-06\f2.png","E:\0822_codex_project\projects\shuohao-skills\experiments\tide-marks\storyboard-full-pack\E03-06\f3.png","generated-videos/E03-06/E03-06-f2-v01.mp4","参见 offline-production/dialogue-cues.csv：E03-06/镜2","参见 offline-production/sound-music-cues.csv：E03-06","无","可用首尾帧约束；按设计时长回切"
"88","3","E03-06","3","280","62","65","7","3","3","特写","固定","程野","黄铜船钥匙","程野：“这不像普通磨损。”（低声确认）","E:\0822_codex_project\projects\shuohao-skills\experiments\tide-marks\storyboard-full-pack\E03-06\f3.png","","generated-videos/E03-06/E03-06-f3-v01.mp4","参见 offline-production/dialogue-cues.csv：E03-06/镜3","参见 offline-production/sound-music-cues.csv：E03-06","无","尾镜按设计时长输出；动作完成点允许小幅尾裁"
"89","3","E03-07","1","283","65","68.5","0","3.5","4","大特写","跟拍","许知遥","橙色应急电台","动作：许知遥抱着电台快步回到修复台前。；动作：她插入已经保存的原始副本。","E:\0822_codex_project\projects\shuohao-skills\experiments\tide-marks\storyboard-full-pack\E03-07\f1.png","E:\0822_codex_project\projects\shuohao-skills\experiments\tide-marks\storyboard-full-pack\E03-07\f2.png","generated-videos/E03-07/E03-07-f1-v01.mp4","参见 offline-production/dialogue-cues.csv：E03-07/镜1","参见 offline-production/sound-music-cues.csv：E03-07","无","可用首尾帧约束；按设计时长回切"
"90","3","E03-07","2","286.5","68.5","71.5","3.5","3","3","特写","固定","许知遥","无核心道具","许知遥：“蜂鸣之后还有人声。”（盯住波形）","E:\0822_codex_project\projects\shuohao-skills\experiments\tide-marks\storyboard-full-pack\E03-07\f2.png","E:\0822_codex_project\projects\shuohao-skills\experiments\tide-marks\storyboard-full-pack\E03-07\f3.png","generated-videos/E03-07/E03-07-f2-v01.mp4","参见 offline-production/dialogue-cues.csv：E03-07/镜2","参见 offline-production/sound-music-cues.csv：E03-07","无","可用首尾帧约束；按设计时长回切"
"91","3","E03-07","3","289.5","71.5","75","6.5","3.5","4","中景","固定","许知遥、程野","无核心道具","动作：程野关上房门。；动作：许知遥提高蜂鸣后的低频人声。","E:\0822_codex_project\projects\shuohao-skills\experiments\tide-marks\storyboard-full-pack\E03-07\f3.png","E:\0822_codex_project\projects\shuohao-skills\experiments\tide-marks\storyboard-full-pack\E03-07\f4.png","generated-videos/E03-07/E03-07-f3-v01.mp4","参见 offline-production/dialogue-cues.csv：E03-07/镜3","参见 offline-production/sound-music-cues.csv：E03-07","无","可用首尾帧约束；按设计时长回切"
"92","3","E03-07","4","293","75","78","10","3","3","特写","推镜","许知遥、程野","无核心道具","许潮：“爸被他们按在货仓里。”（录音，压低声音）","E:\0822_codex_project\projects\shuohao-skills\experiments\tide-marks\storyboard-full-pack\E03-07\f4.png","","generated-videos/E03-07/E03-07-f4-v01.mp4","参见 offline-production/dialogue-cues.csv：E03-07/镜4","参见 offline-production/sound-music-cues.csv：E03-07","无","尾镜按设计时长输出；动作完成点允许小幅尾裁"
"93","3","E03-08","1","296","78","81.5","0","3.5","4","大特写","固定","许知遥","橙色应急电台","动作：许知遥的手停在播放键上。；许知遥：“他在货仓。”（确认事实，气息发紧）","E:\0822_codex_project\projects\shuohao-skills\experiments\tide-marks\storyboard-full-pack\E03-08\f1.png","E:\0822_codex_project\projects\shuohao-skills\experiments\tide-marks\storyboard-full-pack\E03-08\f2.png","generated-videos/E03-08/E03-08-f1-v01.mp4","参见 offline-production/dialogue-cues.csv：E03-08/镜1","参见 offline-production/sound-music-cues.csv：E03-08","无","可用首尾帧约束；按设计时长回切"
"94","3","E03-08","2","299.5","81.5","84.5","3.5","3","3","特写","固定","程野","无核心道具","程野：“所以他不可能开船。”（立刻接上证据链）","E:\0822_codex_project\projects\shuohao-skills\experiments\tide-marks\storyboard-full-pack\E03-08\f2.png","E:\0822_codex_project\projects\shuohao-skills\experiments\tide-marks\storyboard-full-pack\E03-08\f3.png","generated-videos/E03-08/E03-08-f2-v01.mp4","参见 offline-production/dialogue-cues.csv：E03-08/镜2","参见 offline-production/sound-music-cues.csv：E03-08","无","可用首尾帧约束；按设计时长回切"
"95","3","E03-08","3","302.5","84.5","88","6.5","3.5","4","大特写","推镜","许知遥、程野","橙色应急电台","动作：录音里传来铁门撞击声。；许德海：“不能开船！”（录音远声，粗哑用力）","E:\0822_codex_project\projects\shuohao-skills\experiments\tide-marks\storyboard-full-pack\E03-08\f3.png","E:\0822_codex_project\projects\shuohao-skills\experiments\tide-marks\storyboard-full-pack\E03-08\f4.png","generated-videos/E03-08/E03-08-f3-v01.mp4","参见 offline-production/dialogue-cues.csv：E03-08/镜3","参见 offline-production/sound-music-cues.csv：E03-08","无","可用首尾帧约束；按设计时长回切"
"96","3","E03-08","4","306","88","91.5","10","3.5","4","特写","固定","许知遥、程野","黄铜船钥匙","许潮：“爸咬着正钥匙，抱着栏杆。”（录音，急促喘息）","E:\0822_codex_project\projects\shuohao-skills\experiments\tide-marks\storyboard-full-pack\E03-08\f4.png","","generated-videos/E03-08/E03-08-f4-v01.mp4","参见 offline-production/dialogue-cues.csv：E03-08/镜4","参见 offline-production/sound-music-cues.csv：E03-08","无","尾镜按设计时长输出；动作完成点允许小幅尾裁"
"97","3","E03-09","1","309.5","91.5","95","0","3.5","4","特写","固定","许知遥","无核心道具","动作：许知遥从修复台前站起来。；许知遥：“他签字，不等于他开船。”（克制而确定）","E:\0822_codex_project\projects\shuohao-skills\experiments\tide-marks\storyboard-full-pack\E03-09\f1.png","E:\0822_codex_project\projects\shuohao-skills\experiments\tide-marks\storyboard-full-pack\E03-09\f2.png","generated-videos/E03-09/E03-09-f1-v01.mp4","参见 offline-production/dialogue-cues.csv：E03-09/镜1","参见 offline-production/sound-music-cues.csv：E03-09","无","可用首尾帧约束；按设计时长回切"
"98","3","E03-09","2","313","95","98.5","3.5","3.5","4","大特写","推镜","许知遥、程野","橙色应急电台","动作：录音远处传来高嵩的喊声。；高嵩：“拿备用钥匙！”（录音远声，命令）","E:\0822_codex_project\projects\shuohao-skills\experiments\tide-marks\storyboard-full-pack\E03-09\f2.png","E:\0822_codex_project\projects\shuohao-skills\experiments\tide-marks\storyboard-full-pack\E03-09\f3.png","generated-videos/E03-09/E03-09-f2-v01.mp4","参见 offline-production/dialogue-cues.csv：E03-09/镜2","参见 offline-production/sound-music-cues.csv：E03-09","无","可用首尾帧约束；按设计时长回切"
"99","3","E03-09","3","316.5","98.5","102","7","3.5","4","特写","固定","许知遥、程野","无核心道具","动作：发动机声盖过报警蜂鸣。；许潮：“船开了。爸还在这里。”（录音，恐惧却清楚）","E:\0822_codex_project\projects\shuohao-skills\experiments\tide-marks\storyboard-full-pack\E03-09\f3.png","E:\0822_codex_project\projects\shuohao-skills\experiments\tide-marks\storyboard-full-pack\E03-09\f4.png","generated-videos/E03-09/E03-09-f3-v01.mp4","参见 offline-production/dialogue-cues.csv：E03-09/镜3","参见 offline-production/sound-music-cues.csv：E03-09","无","可用首尾帧约束；按设计时长回切"
"100","3","E03-09","4","320","102","105.5","10.5","3.5","4","特写","固定","许知遥","无核心道具","动作：许知遥摘下耳机。；许知遥：“开船的是高嵩。”（结论落定）","E:\0822_codex_project\projects\shuohao-skills\experiments\tide-marks\storyboard-full-pack\E03-09\f4.png","","generated-videos/E03-09/E03-09-f4-v01.mp4","参见 offline-production/dialogue-cues.csv：E03-09/镜4","参见 offline-production/sound-music-cues.csv：E03-09","无","尾镜按设计时长输出；动作完成点允许小幅尾裁"
"101","3","E03-10","1","323.5","105.5","109","0","3.5","4","大特写","推镜","程野","无核心道具","动作：程野把油纸清单摊在责任书旁。；程野：“六桶溶剂，私章也在。”（指向清单）","E:\0822_codex_project\projects\shuohao-skills\experiments\tide-marks\storyboard-full-pack\E03-10\f1.png","E:\0822_codex_project\projects\shuohao-skills\experiments\tide-marks\storyboard-full-pack\E03-10\f2.png","generated-videos/E03-10/E03-10-f1-v01.mp4","参见 offline-production/dialogue-cues.csv：E03-10/镜1","参见 offline-production/sound-music-cues.csv：E03-10","无","可用首尾帧约束；按设计时长回切"
"102","3","E03-10","2","327","109","112.5","3.5","3.5","4","特写","固定","许知遥","无核心道具","许知遥：“还差事故船上的原始联单。”（不被胜利冲昏）","E:\0822_codex_project\projects\shuohao-skills\experiments\tide-marks\storyboard-full-pack\E03-10\f2.png","E:\0822_codex_project\projects\shuohao-skills\experiments\tide-marks\storyboard-full-pack\E03-10\f3.png","generated-videos/E03-10/E03-10-f2-v01.mp4","参见 offline-production/dialogue-cues.csv：E03-10/镜2","参见 offline-production/sound-music-cues.csv：E03-10","无","可用首尾帧约束；按设计时长回切"
"103","3","E03-10","3","330.5","112.5","116","7","3.5","4","大特写","固定","许知遥、程野","橙色应急电台","动作：她把音轨继续拖向许潮登船前的空白段。；动作：耳机里突然传来许潮奔向栈桥的脚步声。","E:\0822_codex_project\projects\shuohao-skills\experiments\tide-marks\storyboard-full-pack\E03-10\f3.png","","generated-videos/E03-10/E03-10-f3-v01.mp4","参见 offline-production/dialogue-cues.csv：E03-10/镜3","参见 offline-production/sound-music-cues.csv：E03-10","无","尾镜按设计时长输出；动作完成点允许小幅尾裁"
"104","4","E04-01","1","334","0","5","0","5","5","大特写","推镜","许知遥、高嵩","橙色应急电台","动作：为抢在次日九点拆迁前复核并转移剩余湿纸，许知遥与程野连夜返回货仓；程野留在门外备份取证，高嵩快步穿过门口，张开手臂拦住抱着电台离开的许知遥。；高嵩：“跑这么急，是怕我先找到那张清单？”（语气从容，像在谈一笔普通生意）","E:\0822_codex_project\projects\shuohao-skills\experiments\tide-marks\storyboard-full-pack\E04-01\f1.png","E:\0822_codex_project\projects\shuohao-skills\experiments\tide-marks\storyboard-full-pack\E04-01\f2.png","generated-videos/E04-01/E04-01-f1-v01.mp4","参见 offline-production/dialogue-cues.csv：E04-01/镜1","参见 offline-production/sound-music-cues.csv：E04-01","无","可用首尾帧约束；按设计时长回切"
"105","4","E04-01","2","339","5","8.5","5","3.5","4","特写","固定","许知遥","橙色应急电台","许知遥：“我怕的是你把货仓推平。”（站定，声音冷静）","E:\0822_codex_project\projects\shuohao-skills\experiments\tide-marks\storyboard-full-pack\E04-01\f2.png","E:\0822_codex_project\projects\shuohao-skills\experiments\tide-marks\storyboard-full-pack\E04-01\f3.png","generated-videos/E04-01/E04-01-f2-v01.mp4","参见 offline-production/dialogue-cues.csv：E04-01/镜2","参见 offline-production/sound-music-cues.csv：E04-01","无","可用首尾帧约束；按设计时长回切"
"106","4","E04-01","3","342.5","8.5","12.5","8.5","4","4","大特写","固定","许知遥、高嵩","橙色应急电台","动作：许知遥把电台收进外套内侧，转身走向门口。；动作：高嵩从文件夹里抽出一页房产资料，递到她面前。","E:\0822_codex_project\projects\shuohao-skills\experiments\tide-marks\storyboard-full-pack\E04-01\f3.png","","generated-videos/E04-01/E04-01-f3-v01.mp4","参见 offline-production/dialogue-cues.csv：E04-01/镜3","参见 offline-production/sound-music-cues.csv：E04-01","无","尾镜按设计时长输出；动作完成点允许小幅尾裁"
"107","4","E04-02","1","346.5","12.5","17.5","0","5","5","大特写","推镜","高嵩","橙色应急电台","高嵩：“城里一套房，换电台和清单。今晚就签。”（音量不高，句句留出逼人答应的停顿）","E:\0822_codex_project\projects\shuohao-skills\experiments\tide-marks\storyboard-full-pack\E04-02\f1.png","E:\0822_codex_project\projects\shuohao-skills\experiments\tide-marks\storyboard-full-pack\E04-02\f2.png","generated-videos/E04-02/E04-02-f1-v01.mp4","参见 offline-production/dialogue-cues.csv：E04-02/镜1","参见 offline-production/sound-music-cues.csv：E04-02","无","可用首尾帧约束；按设计时长回切"
"108","4","E04-02","2","351.5","17.5","22.5","5","5","5","特写","固定","许知遥","无核心道具","许知遥：“你买得这么急，说明六桶不是笔误。”（盯着他，不接资料）","E:\0822_codex_project\projects\shuohao-skills\experiments\tide-marks\storyboard-full-pack\E04-02\f2.png","E:\0822_codex_project\projects\shuohao-skills\experiments\tide-marks\storyboard-full-pack\E04-02\f3.png","generated-videos/E04-02/E04-02-f2-v01.mp4","参见 offline-production/dialogue-cues.csv：E04-02/镜2","参见 offline-production/sound-music-cues.csv：E04-02","无","可用首尾帧约束；按设计时长回切"
"109","4","E04-02","3","356.5","22.5","26.5","10","4","4","大特写","固定","高嵩","无核心道具","动作：高嵩收回资料，反手把货仓门关上。；高嵩：“多出来的溶剂，我没否认。”（笑意不变）","E:\0822_codex_project\projects\shuohao-skills\experiments\tide-marks\storyboard-full-pack\E04-02\f3.png","","generated-videos/E04-02/E04-02-f3-v01.mp4","参见 offline-production/dialogue-cues.csv：E04-02/镜3","参见 offline-production/sound-music-cues.csv：E04-02","无","尾镜按设计时长输出；动作完成点允许小幅尾裁"
"110","4","E04-03","1","360.5","26.5","30","0","3.5","4","特写","推镜","许知遥","无核心道具","许知遥：“那晚是谁开的船？”（追问得很快）","E:\0822_codex_project\projects\shuohao-skills\experiments\tide-marks\storyboard-full-pack\E04-03\f1.png","E:\0822_codex_project\projects\shuohao-skills\experiments\tide-marks\storyboard-full-pack\E04-03\f2.png","generated-videos/E04-03/E04-03-f1-v01.mp4","参见 offline-production/dialogue-cues.csv：E04-03/镜1","参见 offline-production/sound-music-cues.csv：E04-03","无","可用首尾帧约束；按设计时长回切"
"111","4","E04-03","2","364","30","33.5","3.5","3.5","4","特写","固定","高嵩","无核心道具","高嵩：“雷打下来，谁开都一样。”（轻描淡写）","E:\0822_codex_project\projects\shuohao-skills\experiments\tide-marks\storyboard-full-pack\E04-03\f2.png","E:\0822_codex_project\projects\shuohao-skills\experiments\tide-marks\storyboard-full-pack\E04-03\f3.png","generated-videos/E04-03/E04-03-f2-v01.mp4","参见 offline-production/dialogue-cues.csv：E04-03/镜2","参见 offline-production/sound-music-cues.csv：E04-03","无","可用首尾帧约束；按设计时长回切"
"112","4","E04-03","3","367.5","33.5","37","7","3.5","4","大特写","固定","许知遥","无核心道具","许知遥：“我爸被锁在这儿。”（压住怒意）","E:\0822_codex_project\projects\shuohao-skills\experiments\tide-marks\storyboard-full-pack\E04-03\f3.png","","generated-videos/E04-03/E04-03-f3-v01.mp4","参见 offline-production/dialogue-cues.csv：E04-03/镜3","参见 offline-production/sound-music-cues.csv：E04-03","无","尾镜按设计时长输出；动作完成点允许小幅尾裁"
"113","4","E04-04","1","371","37","42","0","5","5","特写","推镜","高嵩","无核心道具","动作：高嵩转身拍了拍锈蚀的钢门。；高嵩：“他后来签了字，因为他知道许潮上了船。”（替死者下结论）","E:\0822_codex_project\projects\shuohao-skills\experiments\tide-marks\storyboard-full-pack\E04-04\f1.png","E:\0822_codex_project\projects\shuohao-skills\experiments\tide-marks\storyboard-full-pack\E04-04\f2.png","generated-videos/E04-04/E04-04-f1-v01.mp4","参见 offline-production/dialogue-cues.csv：E04-04/镜1","参见 offline-production/sound-music-cues.csv：E04-04","无","可用首尾帧约束；按设计时长回切"
"114","4","E04-04","2","376","42","45","5","3","3","特写","固定","许知遥","无核心道具","许知遥：“我哥为什么会在货仓？”（不让他绕开）","E:\0822_codex_project\projects\shuohao-skills\experiments\tide-marks\storyboard-full-pack\E04-04\f2.png","E:\0822_codex_project\projects\shuohao-skills\experiments\tide-marks\storyboard-full-pack\E04-04\f3.png","generated-videos/E04-04/E04-04-f2-v01.mp4","参见 offline-production/dialogue-cues.csv：E04-04/镜2","参见 offline-production/sound-music-cues.csv：E04-04","无","可用首尾帧约束；按设计时长回切"
"115","4","E04-04","3","379","45","48.5","8","3.5","4","大特写","固定","高嵩","橙色应急电台","高嵩：“他偷了电台，想学大人报险。”（语气里带着轻蔑）","E:\0822_codex_project\projects\shuohao-skills\experiments\tide-marks\storyboard-full-pack\E04-04\f3.png","E:\0822_codex_project\projects\shuohao-skills\experiments\tide-marks\storyboard-full-pack\E04-04\f4.png","generated-videos/E04-04/E04-04-f3-v01.mp4","参见 offline-production/dialogue-cues.csv：E04-04/镜3","参见 offline-production/sound-music-cues.csv：E04-04","无","可用首尾帧约束；按设计时长回切"
"116","4","E04-04","4","382.5","48.5","52","11.5","3.5","4","特写","推镜","高嵩","无核心道具","高嵩：“最后，他把自己送上了船。”（刻意放慢）","E:\0822_codex_project\projects\shuohao-skills\experiments\tide-marks\storyboard-full-pack\E04-04\f4.png","","generated-videos/E04-04/E04-04-f4-v01.mp4","参见 offline-production/dialogue-cues.csv：E04-04/镜4","参见 offline-production/sound-music-cues.csv：E04-04","无","尾镜按设计时长输出；动作完成点允许小幅尾裁"
"117","4","E04-05","1","386","52","56.5","0","4.5","5","大特写","固定","程野、许知遥","无核心道具","动作：门外的程野抬起手机，把收音口贴近门缝。；许知遥：“你连一个不能开口的孩子都要推过去。”（声线更低）","E:\0822_codex_project\projects\shuohao-skills\experiments\tide-marks\storyboard-full-pack\E04-05\f1.png","E:\0822_codex_project\projects\shuohao-skills\experiments\tide-marks\storyboard-full-pack\E04-05\f2.png","generated-videos/E04-05/E04-05-f1-v01.mp4","参见 offline-production/dialogue-cues.csv：E04-05/镜1","参见 offline-production/sound-music-cues.csv：E04-05","无","可用首尾帧约束；按设计时长回切"
"118","4","E04-05","2","390.5","56.5","61.5","4.5","5","5","特写","固定","高嵩","无核心道具","高嵩：“我是在提醒你，查下去，你连最后的家也保不住。”（礼貌中露出威胁）","E:\0822_codex_project\projects\shuohao-skills\experiments\tide-marks\storyboard-full-pack\E04-05\f2.png","E:\0822_codex_project\projects\shuohao-skills\experiments\tide-marks\storyboard-full-pack\E04-05\f3.png","generated-videos/E04-05/E04-05-f2-v01.mp4","参见 offline-production/dialogue-cues.csv：E04-05/镜2","参见 offline-production/sound-music-cues.csv：E04-05","无","可用首尾帧约束；按设计时长回切"
"119","4","E04-05","3","395.5","61.5","65","9.5","3.5","4","中景","跟拍","高嵩","无核心道具","动作：高嵩低头看见门缝下晃动的人影。；动作：高嵩一把拉开货仓门。","E:\0822_codex_project\projects\shuohao-skills\experiments\tide-marks\storyboard-full-pack\E04-05\f3.png","","generated-videos/E04-05/E04-05-f3-v01.mp4","参见 offline-production/dialogue-cues.csv：E04-05/镜3","参见 offline-production/sound-music-cues.csv：E04-05","无","尾镜按设计时长输出；动作完成点允许小幅尾裁"
"120","4","E04-06","1","399","65","68.5","0","3.5","4","全景","固定","程野、高嵩","无核心道具","动作：程野后退两步，手机仍举在胸前。；高嵩：“录到了什么？”（笑意已经消失）","E:\0822_codex_project\projects\shuohao-skills\experiments\tide-marks\storyboard-full-pack\E04-06\f1.png","E:\0822_codex_project\projects\shuohao-skills\experiments\tide-marks\storyboard-full-pack\E04-06\f2.png","generated-videos/E04-06/E04-06-f1-v01.mp4","参见 offline-production/dialogue-cues.csv：E04-06/镜1","参见 offline-production/sound-music-cues.csv：E04-06","无","可用首尾帧约束；按设计时长回切"
"121","4","E04-06","2","402.5","68.5","71.5","3.5","3","3","特写","固定","程野","无核心道具","程野：“够你解释很久。”（短促，转身前回答）","E:\0822_codex_project\projects\shuohao-skills\experiments\tide-marks\storyboard-full-pack\E04-06\f2.png","E:\0822_codex_project\projects\shuohao-skills\experiments\tide-marks\storyboard-full-pack\E04-06\f3.png","generated-videos/E04-06/E04-06-f2-v01.mp4","参见 offline-production/dialogue-cues.csv：E04-06/镜2","参见 offline-production/sound-music-cues.csv：E04-06","无","可用首尾帧约束；按设计时长回切"
"122","4","E04-06","3","405.5","71.5","74.5","6.5","3","3","中景","跟拍","程野、高嵩","无核心道具","动作：程野转身跑向候船厅，高嵩立即追了出去。","E:\0822_codex_project\projects\shuohao-skills\experiments\tide-marks\storyboard-full-pack\E04-06\f3.png","","generated-videos/E04-06/E04-06-f3-v01.mp4","参见 offline-production/dialogue-cues.csv：E04-06/镜3","参见 offline-production/sound-music-cues.csv：E04-06","无","尾镜按设计时长输出；动作完成点允许小幅尾裁"
"123","4","E04-07","1","408.5","74.5","78","0","3.5","4","大特写","跟拍","许知遥、程野、高嵩","橙色应急电台","动作：程野跑下石阶，许知遥抱着电台紧跟在后。；动作：高嵩转身夺过电台，用力摔在石阶上。","E:\0822_codex_project\projects\shuohao-skills\experiments\tide-marks\storyboard-full-pack\E04-07\f1.png","E:\0822_codex_project\projects\shuohao-skills\experiments\tide-marks\storyboard-full-pack\E04-07\f2.png","generated-videos/E04-07/E04-07-f1-v01.mp4","参见 offline-production/dialogue-cues.csv：E04-07/镜1","参见 offline-production/sound-music-cues.csv：E04-07","无","可用首尾帧约束；按设计时长回切"
"124","4","E04-07","2","412","78","81.5","3.5","3.5","4","特写","固定","高嵩","橙色应急电台","动作：橙色外壳裂开，存储板从缝里滑了出来。；高嵩：“现在，你还剩什么？”（呼吸略乱，重新挤出笑）","E:\0822_codex_project\projects\shuohao-skills\experiments\tide-marks\storyboard-full-pack\E04-07\f2.png","E:\0822_codex_project\projects\shuohao-skills\experiments\tide-marks\storyboard-full-pack\E04-07\f3.png","generated-videos/E04-07/E04-07-f2-v01.mp4","参见 offline-production/dialogue-cues.csv：E04-07/镜2","参见 offline-production/sound-music-cues.csv：E04-07","无","可用首尾帧约束；按设计时长回切"
"125","4","E04-07","3","415.5","81.5","85","7","3.5","4","大特写","固定","许知遥","橙色应急电台","动作：许知遥蹲下捡起裂开的电台。；许知遥：“三份备份。”（平静得没有停顿）","E:\0822_codex_project\projects\shuohao-skills\experiments\tide-marks\storyboard-full-pack\E04-07\f3.png","E:\0822_codex_project\projects\shuohao-skills\experiments\tide-marks\storyboard-full-pack\E04-07\f4.png","generated-videos/E04-07/E04-07-f3-v01.mp4","参见 offline-production/dialogue-cues.csv：E04-07/镜3","参见 offline-production/sound-music-cues.csv：E04-07","无","可用首尾帧约束；按设计时长回切"
"126","4","E04-07","4","419","85","89","10.5","4","4","特写","推镜","高嵩、许知遥","橙色应急电台","动作：高嵩停在石阶上，没有再往前走。；许知遥：“档案修复，从来不在原介质上做。”（把断裂存储板装回外壳）","E:\0822_codex_project\projects\shuohao-skills\experiments\tide-marks\storyboard-full-pack\E04-07\f4.png","","generated-videos/E04-07/E04-07-f4-v01.mp4","参见 offline-production/dialogue-cues.csv：E04-07/镜4","参见 offline-production/sound-music-cues.csv：E04-07","无","尾镜按设计时长输出；动作完成点允许小幅尾裁"
"127","4","E04-08","1","423","89","94","0","5","5","特写","固定","程野、许知遥","无核心道具","程野：“你毁掉的，只是我们愿意让你看见的那份。”（站到许知遥身边）","E:\0822_codex_project\projects\shuohao-skills\experiments\tide-marks\storyboard-full-pack\E04-08\f1.png","E:\0822_codex_project\projects\shuohao-skills\experiments\tide-marks\storyboard-full-pack\E04-08\f2.png","generated-videos/E04-08/E04-08-f1-v01.mp4","参见 offline-production/dialogue-cues.csv：E04-08/镜1","参见 offline-production/sound-music-cues.csv：E04-08","无","可用首尾帧约束；按设计时长回切"
"128","4","E04-08","2","428","94","97.5","5","3.5","4","特写","固定","高嵩","无核心道具","动作：高嵩转身指向黑暗中的货仓。；高嵩：“明早九点，拆迁启动。”（不再掩饰威胁）","E:\0822_codex_project\projects\shuohao-skills\experiments\tide-marks\storyboard-full-pack\E04-08\f2.png","E:\0822_codex_project\projects\shuohao-skills\experiments\tide-marks\storyboard-full-pack\E04-08\f3.png","generated-videos/E04-08/E04-08-f2-v01.mp4","参见 offline-production/dialogue-cues.csv：E04-08/镜2","参见 offline-production/sound-music-cues.csv：E04-08","无","可用首尾帧约束；按设计时长回切"
"129","4","E04-08","3","431.5","97.5","101","8.5","3.5","4","大特写","推镜","高嵩","无核心道具","高嵩：“里面的湿纸，一张都留不住。”（目光落在程野的手机上）","E:\0822_codex_project\projects\shuohao-skills\experiments\tide-marks\storyboard-full-pack\E04-08\f3.png","","generated-videos/E04-08/E04-08-f3-v01.mp4","参见 offline-production/dialogue-cues.csv：E04-08/镜3","参见 offline-production/sound-music-cues.csv：E04-08","无","尾镜按设计时长输出；动作完成点允许小幅尾裁"
"130","4","E04-09","1","435","101","105","0","4","4","特写","固定","程野","无核心道具","程野：“你越急，水下那份东西越值得找。”（故意把水下两个字说重）","E:\0822_codex_project\projects\shuohao-skills\experiments\tide-marks\storyboard-full-pack\E04-09\f1.png","E:\0822_codex_project\projects\shuohao-skills\experiments\tide-marks\storyboard-full-pack\E04-09\f2.png","generated-videos/E04-09/E04-09-f1-v01.mp4","参见 offline-production/dialogue-cues.csv：E04-09/镜1","参见 offline-production/sound-music-cues.csv：E04-09","无","可用首尾帧约束；按设计时长回切"
"131","4","E04-09","2","439","105","108.5","4","3.5","4","特写","固定","高嵩、许知遥","无核心道具","动作：高嵩沿着栈桥快步离开。；许知遥：“刚才录到了多少？”（立刻转向程野）","E:\0822_codex_project\projects\shuohao-skills\experiments\tide-marks\storyboard-full-pack\E04-09\f2.png","E:\0822_codex_project\projects\shuohao-skills\experiments\tide-marks\storyboard-full-pack\E04-09\f3.png","generated-videos/E04-09/E04-09-f2-v01.mp4","参见 offline-production/dialogue-cues.csv：E04-09/镜2","参见 offline-production/sound-music-cues.csv：E04-09","无","可用首尾帧约束；按设计时长回切"
"132","4","E04-09","3","442.5","108.5","112","7.5","3.5","4","大特写","跟拍","程野","无核心道具","动作：程野点开手机里的残缺录音。；动作：爆音过后，手机里挤出三个断续词组。","E:\0822_codex_project\projects\shuohao-skills\experiments\tide-marks\storyboard-full-pack\E04-09\f3.png","E:\0822_codex_project\projects\shuohao-skills\experiments\tide-marks\storyboard-full-pack\E04-09\f4.png","generated-videos/E04-09/E04-09-f3-v01.mp4","参见 offline-production/dialogue-cues.csv：E04-09/镜3","参见 offline-production/sound-music-cues.csv：E04-09","无","可用首尾帧约束；按设计时长回切"
"133","4","E04-09","4","446","112","116","11","4","4","特写","固定","许知遥、程野","无核心道具","高嵩：“她的学籍……住处……让他签。”（来自手机残录，失真而断裂）","E:\0822_codex_project\projects\shuohao-skills\experiments\tide-marks\storyboard-full-pack\E04-09\f4.png","","generated-videos/E04-09/E04-09-f4-v01.mp4","参见 offline-production/dialogue-cues.csv：E04-09/镜4","参见 offline-production/sound-music-cues.csv：E04-09","无","尾镜按设计时长输出；动作完成点允许小幅尾裁"
"134","5","E05-01","1","450","0","4","0","4","4","中景","跟拍","程野","无核心道具","动作：程野根据十五年前自己丢下半块船牌的位置，并结合许潮录音里奔向栈桥的脚步方向，沿防波堤快步跑下消波块，冲向退潮后露出的水线。；动作：他把安全绳扣在坡面的锈环上。","E:\0822_codex_project\projects\shuohao-skills\experiments\tide-marks\storyboard-full-pack\E05-01\f1.png","E:\0822_codex_project\projects\shuohao-skills\experiments\tide-marks\storyboard-full-pack\E05-01\f2.png","generated-videos/E05-01/E05-01-f1-v01.mp4","参见 offline-production/dialogue-cues.csv：E05-01/镜1","参见 offline-production/sound-music-cues.csv：E05-01","无","可用首尾帧约束；按设计时长回切"
"135","5","E05-01","2","454","4","7.5","4","3.5","4","特写","固定","程野","无核心道具","程野：“知遥，给我十五分钟。”（对着耳机，已经开始调整呼吸）","E:\0822_codex_project\projects\shuohao-skills\experiments\tide-marks\storyboard-full-pack\E05-01\f2.png","E:\0822_codex_project\projects\shuohao-skills\experiments\tide-marks\storyboard-full-pack\E05-01\f3.png","generated-videos/E05-01/E05-01-f2-v01.mp4","参见 offline-production/dialogue-cues.csv：E05-01/镜2","参见 offline-production/sound-music-cues.csv：E05-01","无","可用首尾帧约束；按设计时长回切"
"136","5","E05-01","3","457.5","7.5","11.5","7.5","4","4","特写","固定","程野","无核心道具","画外信息：“退潮只剩十二分钟，别逞强。”（许知遥从电话里传来，克制而急促）","E:\0822_codex_project\projects\shuohao-skills\experiments\tide-marks\storyboard-full-pack\E05-01\f3.png","","generated-videos/E05-01/E05-01-f3-v01.mp4","参见 offline-production/dialogue-cues.csv：E05-01/镜3","参见 offline-production/sound-music-cues.csv：E05-01","无","尾镜按设计时长输出；动作完成点允许小幅尾裁"
"137","5","E05-02","1","461.5","11.5","15.5","0","4","4","特写","推镜","程野","无核心道具","程野：“十五年前，我已经退过一次。”（短暂停顿后说完）","E:\0822_codex_project\projects\shuohao-skills\experiments\tide-marks\storyboard-full-pack\E05-02\f1.png","E:\0822_codex_project\projects\shuohao-skills\experiments\tide-marks\storyboard-full-pack\E05-02\f2.png","generated-videos/E05-02/E05-02-f1-v01.mp4","参见 offline-production/dialogue-cues.csv：E05-02/镜1","参见 offline-production/sound-music-cues.csv：E05-02","无","可用首尾帧约束；按设计时长回切"
"138","5","E05-02","2","465.5","15.5","19.5","4","4","4","全景","右摇","程野","无核心道具","动作：程野戴好面镜，转身滑入黑色江水。；动作：安全绳沿着湿滑混凝土不断向水里移动。","E:\0822_codex_project\projects\shuohao-skills\experiments\tide-marks\storyboard-full-pack\E05-02\f2.png","E:\0822_codex_project\projects\shuohao-skills\experiments\tide-marks\storyboard-full-pack\E05-02\f3.png","generated-videos/E05-02/E05-02-f2-v01.mp4","参见 offline-production/dialogue-cues.csv：E05-02/镜2","参见 offline-production/sound-music-cues.csv：E05-02","无","可用首尾帧约束；按设计时长回切"
"139","5","E05-02","3","469.5","19.5","23","8","3.5","4","特写","固定","程野","无核心道具","画外信息：“程野，回话。”（许知遥从耳机里呼叫）","E:\0822_codex_project\projects\shuohao-skills\experiments\tide-marks\storyboard-full-pack\E05-02\f3.png","","generated-videos/E05-02/E05-02-f3-v01.mp4","参见 offline-production/dialogue-cues.csv：E05-02/镜3","参见 offline-production/sound-music-cues.csv：E05-02","无","尾镜按设计时长输出；动作完成点允许小幅尾裁"
"140","5","E05-03","1","473","23","27","0","4","4","特写","推镜","程野","真正的载货联单","动作：程野突然浮出水面，双臂抱住一只锈死的金属筒。；程野：“找到了。”（喘息很重）","E:\0822_codex_project\projects\shuohao-skills\experiments\tide-marks\storyboard-full-pack\E05-03\f1.png","E:\0822_codex_project\projects\shuohao-skills\experiments\tide-marks\storyboard-full-pack\E05-03\f2.png","generated-videos/E05-03/E05-03-f1-v01.mp4","参见 offline-production/dialogue-cues.csv：E05-03/镜1","参见 offline-production/sound-music-cues.csv：E05-03","无","可用首尾帧约束；按设计时长回切"
"141","5","E05-03","2","477","27","31","4","4","4","中景","右摇","程野","真正的载货联单","动作：他拖着金属筒爬上混凝土坡面。；动作：程野拧开筒盖。","E:\0822_codex_project\projects\shuohao-skills\experiments\tide-marks\storyboard-full-pack\E05-03\f2.png","","generated-videos/E05-03/E05-03-f2-v01.mp4","参见 offline-production/dialogue-cues.csv：E05-03/镜2","参见 offline-production/sound-music-cues.csv：E05-03","无","尾镜按设计时长输出；动作完成点允许小幅尾裁"
"142","5","E05-04","1","481","31","35","0","4","4","特写","固定","程野","真正的载货联单、锈蚀金属文件筒","动作：同一只文件筒的筒盖已经完全旋下；唯一一卷湿联单只滑出一部分，仍留在筒内。程野闭口听许知遥画外下令：‘别展开，马上带回来。’","E:\0822_codex_project\projects\shuohao-skills\experiments\tide-marks\storyboard-full-pack\E05-04\f1.png","E:\0822_codex_project\projects\shuohao-skills\experiments\tide-marks\storyboard-full-pack\E05-04\f2.png","generated-videos/E05-04/E05-04-f1-v01.mp4","参见 offline-production/dialogue-cues.csv：E05-04/镜1","参见 offline-production/sound-music-cues.csv：E05-04","无","可用首尾帧约束；按设计时长回切"
"143","5","E05-04","2","485","35","38","4","3","3","特写","推镜","程野","锈蚀金属文件筒","程野把同一只独立筒盖举到右侧头灯下，辨认无字的半月划痕：‘筒盖上有许潮的潮记。’","E:\0822_codex_project\projects\shuohao-skills\experiments\tide-marks\storyboard-full-pack\E05-04\f2.png","E:\0822_codex_project\projects\shuohao-skills\experiments\tide-marks\storyboard-full-pack\E05-04\f3.png","generated-videos/E05-04/E05-04-f2-v01.mp4","参见 offline-production/dialogue-cues.csv：E05-04/镜2","参见 offline-production/sound-music-cues.csv：E05-04","无","可用首尾帧约束；按设计时长回切"
"144","5","E05-04","3","488","38","41","7","3","3","全景","跟拍","程野","锈蚀金属文件筒","动作：程野已把唯一联单完整放回筒内并旋紧同一只筒盖；画面外无纸张。他抱筒沿消波块向岸上奔跑。","E:\0822_codex_project\projects\shuohao-skills\experiments\tide-marks\storyboard-full-pack\E05-04\f3.png","","generated-videos/E05-04/E05-04-f3-v01.mp4","参见 offline-production/dialogue-cues.csv：E05-04/镜3","参见 offline-production/sound-music-cues.csv：E05-04","无","尾镜按设计时长输出；动作完成点允许小幅尾裁"
"145","5","E05-05","1","491","41","44.5","0","3.5","4","中景","固定","许知遥","橙色应急电台","动作：许知遥闭口按下一个无字播放控件；同一台摔裂电台保持未修复状态，屏幕只出现发动机声带和一个沉闷爆音尖峰，不显示文字或时间码。","E:\0822_codex_project\projects\shuohao-skills\experiments\tide-marks\storyboard-full-pack\E05-05\f1.png","E:\0822_codex_project\projects\shuohao-skills\experiments\tide-marks\storyboard-full-pack\E05-05\f2.png","generated-videos/E05-05/E05-05-f1-v01.mp4","参见 offline-production/dialogue-cues.csv：E05-05/镜1","参见 offline-production/sound-music-cues.csv：E05-05","无","可用首尾帧约束；按设计时长回切"
"146","5","E05-05","2","494.5","44.5","49","3.5","4.5","5","特写","固定","许知遥","橙色应急电台","许潮：“高嵩开的船，他要赶在检查前运走六桶。”（来自旧录音，压低声音快速报告）","E:\0822_codex_project\projects\shuohao-skills\experiments\tide-marks\storyboard-full-pack\E05-05\f2.png","E:\0822_codex_project\projects\shuohao-skills\experiments\tide-marks\storyboard-full-pack\E05-05\f3.png","generated-videos/E05-05/E05-05-f2-v01.mp4","参见 offline-production/dialogue-cues.csv：E05-05/镜2","参见 offline-production/sound-music-cues.csv：E05-05","无","可用首尾帧约束；按设计时长回切"
"147","5","E05-05","3","499","49","52.5","8","3.5","4","中景","固定","许知遥、程野","真正的载货联单","动作：镜头开始时许知遥已经戴好薄手套；程野放下唯一一张潮湿卷曲的联单，她开始慢慢展开。联单尚未装袋。","E:\0822_codex_project\projects\shuohao-skills\experiments\tide-marks\storyboard-full-pack\E05-05\f3.png","","generated-videos/E05-05/E05-05-f3-v01.mp4","参见 offline-production/dialogue-cues.csv：E05-05/镜3","参见 offline-production/sound-music-cues.csv：E05-05","无","尾镜按设计时长输出；动作完成点允许小幅尾裁"
"148","5","E05-06","1","502.5","52.5","56.5","0","4","4","特写","推镜","许知遥","真正的载货联单","许知遥：“六行编号，和货仓清单一模一样。”（逐行核对）","E:\0822_codex_project\projects\shuohao-skills\experiments\tide-marks\storyboard-full-pack\E05-06\f1.png","E:\0822_codex_project\projects\shuohao-skills\experiments\tide-marks\storyboard-full-pack\E05-06\f2.png","generated-videos/E05-06/E05-06-f1-v01.mp4","参见 offline-production/dialogue-cues.csv：E05-06/镜1","参见 offline-production/sound-music-cues.csv：E05-06","无","可用首尾帧约束；按设计时长回切"
"149","5","E05-06","2","506.5","56.5","59.5","4","3","3","特写","固定","程野","真正的载货联单","程野指向同一张联单右下角缺一角、向左带短晕尾的暗紫方章：‘右下角，是他的私章。’","E:\0822_codex_project\projects\shuohao-skills\experiments\tide-marks\storyboard-full-pack\E05-06\f2.png","E:\0822_codex_project\projects\shuohao-skills\experiments\tide-marks\storyboard-full-pack\E05-06\f3.png","generated-videos/E05-06/E05-06-f2-v01.mp4","参见 offline-production/dialogue-cues.csv：E05-06/镜2","参见 offline-production/sound-music-cues.csv：E05-06","无","可用首尾帧约束；按设计时长回切"
"150","5","E05-06","3","509.5","59.5","64","7","4.5","5","中景","固定","许知遥","橙色应急电台","动作：许知遥用无字回拨控件执行一次倒回操作，随后闭口听录音；画面只显示抽象波形，不显示数字、时间码或按钮文字。","E:\0822_codex_project\projects\shuohao-skills\experiments\tide-marks\storyboard-full-pack\E05-06\f3.png","E:\0822_codex_project\projects\shuohao-skills\experiments\tide-marks\storyboard-full-pack\E05-06\f4.png","generated-videos/E05-06/E05-06-f3-v01.mp4","参见 offline-production/dialogue-cues.csv：E05-06/镜3","参见 offline-production/sound-music-cues.csv：E05-06","无","可用首尾帧约束；按设计时长回切"
"151","5","E05-06","4","514","64","67.5","11.5","3.5","4","中景","推镜","许知遥、程野","橙色应急电台","动作：录音深处传来孩子连续的哭声。；许潮：“舱里还有孩子。”（一边跑一边说）","E:\0822_codex_project\projects\shuohao-skills\experiments\tide-marks\storyboard-full-pack\E05-06\f4.png","","generated-videos/E05-06/E05-06-f4-v01.mp4","参见 offline-production/dialogue-cues.csv：E05-06/镜4","参见 offline-production/sound-music-cues.csv：E05-06","无","尾镜按设计时长输出；动作完成点允许小幅尾裁"
"152","5","E05-07","1","517.5","67.5","70.5","0","3","3","中景","固定","许知遥、程野","橙色应急电台","许潮：“我回去带他出来。”（没有犹豫）","E:\0822_codex_project\projects\shuohao-skills\experiments\tide-marks\storyboard-full-pack\E05-07\f1.png","E:\0822_codex_project\projects\shuohao-skills\experiments\tide-marks\storyboard-full-pack\E05-07\f2.png","generated-videos/E05-07/E05-07-f1-v01.mp4","参见 offline-production/dialogue-cues.csv：E05-07/镜1","参见 offline-production/sound-music-cues.csv：E05-07","无","可用首尾帧约束；按设计时长回切"
"153","5","E05-07","2","520.5","70.5","74","3","3.5","4","中景","固定","许知遥、程野","橙色应急电台","动作：急促脚步声远去，爆音随即盖过录音。；许知遥：“哥。”（第一次失去平稳）","E:\0822_codex_project\projects\shuohao-skills\experiments\tide-marks\storyboard-full-pack\E05-07\f2.png","E:\0822_codex_project\projects\shuohao-skills\experiments\tide-marks\storyboard-full-pack\E05-07\f3.png","generated-videos/E05-07/E05-07-f2-v01.mp4","参见 offline-production/dialogue-cues.csv：E05-07/镜2","参见 offline-production/sound-music-cues.csv：E05-07","无","可用首尾帧约束；按设计时长回切"
"154","5","E05-07","3","524","74","77.5","6.5","3.5","4","中景","推镜","许知遥","无核心道具","画面采用动作终态：耳机已经摘下并放在台面，许知遥双手撑住修复台、半起身、闭口；‘摘下再撑住’的过程留给后期视频运动。","E:\0822_codex_project\projects\shuohao-skills\experiments\tide-marks\storyboard-full-pack\E05-07\f3.png","E:\0822_codex_project\projects\shuohao-skills\experiments\tide-marks\storyboard-full-pack\E05-07\f4.png","generated-videos/E05-07/E05-07-f3-v01.mp4","参见 offline-production/dialogue-cues.csv：E05-07/镜3","参见 offline-production/sound-music-cues.csv：E05-07","无","可用首尾帧约束；按设计时长回切"
"155","5","E05-07","4","527.5","77.5","80.5","10","3","3","中景","固定","许知遥、程野","橙色应急电台","许潮：“我不是跟爸赌气跑掉的。”（声音被潮声逐渐淹没）","E:\0822_codex_project\projects\shuohao-skills\experiments\tide-marks\storyboard-full-pack\E05-07\f4.png","","generated-videos/E05-07/E05-07-f4-v01.mp4","参见 offline-production/dialogue-cues.csv：E05-07/镜4","参见 offline-production/sound-music-cues.csv：E05-07","无","尾镜按设计时长输出；动作完成点允许小幅尾裁"
"156","5","E05-08","1","530.5","80.5","84","0","3.5","4","中景","固定","许知遥、程野","橙色应急电台、真正的载货联单","动作：许知遥把同一台摔裂电台放在联单旁；联单只铺在保育衬纸上，尚未装进透明袋。程野说：‘他留下证据，又回去救人。’","E:\0822_codex_project\projects\shuohao-skills\experiments\tide-marks\storyboard-full-pack\E05-08\f1.png","E:\0822_codex_project\projects\shuohao-skills\experiments\tide-marks\storyboard-full-pack\E05-08\f2.png","generated-videos/E05-08/E05-08-f1-v01.mp4","参见 offline-production/dialogue-cues.csv：E05-08/镜1","参见 offline-production/sound-music-cues.csv：E05-08","无","可用首尾帧约束；按设计时长回切"
"157","5","E05-08","2","534","84","87.5","3.5","3.5","4","特写","推镜","许知遥","无核心道具","许知遥：“高嵩把他的选择，改成了罪。”（重新稳住声音）","E:\0822_codex_project\projects\shuohao-skills\experiments\tide-marks\storyboard-full-pack\E05-08\f2.png","E:\0822_codex_project\projects\shuohao-skills\experiments\tide-marks\storyboard-full-pack\E05-08\f3.png","generated-videos/E05-08/E05-08-f2-v01.mp4","参见 offline-production/dialogue-cues.csv：E05-08/镜2","参见 offline-production/sound-music-cues.csv：E05-08","无","可用首尾帧约束；按设计时长回切"
"158","5","E05-08","3","537.5","87.5","91.5","7","4","4","特写","固定","程野","程野残录手机","动作：程野打开手机里的残缺录音。；高嵩：“她的学籍和住处，都在我手里。”（手机残录，断续但可辨）","E:\0822_codex_project\projects\shuohao-skills\experiments\tide-marks\storyboard-full-pack\E05-08\f3.png","E:\0822_codex_project\projects\shuohao-skills\experiments\tide-marks\storyboard-full-pack\E05-08\f4.png","generated-videos/E05-08/E05-08-f3-v01.mp4","参见 offline-production/dialogue-cues.csv：E05-08/镜3","参见 offline-production/sound-music-cues.csv：E05-08","无","可用首尾帧约束；按设计时长回切"
"159","5","E05-08","4","541.5","91.5","95","11","3.5","4","特写","固定","许知遥、程野","程野残录手机","高嵩：“要想保住女儿，就让他签。”（手机残录，尾句被杂音切断）","E:\0822_codex_project\projects\shuohao-skills\experiments\tide-marks\storyboard-full-pack\E05-08\f4.png","","generated-videos/E05-08/E05-08-f4-v01.mp4","参见 offline-production/dialogue-cues.csv：E05-08/镜4","参见 offline-production/sound-music-cues.csv：E05-08","无","尾镜按设计时长输出；动作完成点允许小幅尾裁"
"160","5","E05-09","1","545","95","98.5","0","3.5","4","特写","推镜","许知遥","真正的载货联单、许德海事故责任书","动作：许知遥把唯一一张父亲责任书放在同一张尚未装袋的联单旁，眼睛停在模糊签名上，说：‘爸不是认罪。他是在替我挡。’P05 右下角必须完整入画，蓝黑模糊签名和褪色椭圆印可辨但不可读；两张纸分别裸放在中性衬纸上。只有许知遥入画并开口；程野、P06 手机、摔裂电台、金属文件筒、三个备份盘和透明保护袋均不出现。她表达的是个人判断，不是已核实结论或免责认定。","E:\0822_codex_project\projects\shuohao-skills\experiments\tide-marks\storyboard-full-pack\E05-09\f1.png","E:\0822_codex_project\projects\shuohao-skills\experiments\tide-marks\storyboard-full-pack\E05-09\f2.png","generated-videos/E05-09/E05-09-f1-v01.mp4","参见 offline-production/dialogue-cues.csv：E05-09/镜1","参见 offline-production/sound-music-cues.csv：E05-09","无","可用首尾帧约束；按设计时长回切"
"161","5","E05-09","2","548.5","98.5","103","3.5","4.5","5","中景","固定","许知遥、程野","橙色应急电台、真正的载货联单、许德海事故责任书","程野逐件确认恰好三件不同证物：一台摔裂电台、一张尚未装袋的联单和一张责任书，并说：‘录音、联单、责任书，现在能互相对上。’P01 保留黑色熔痕、右侧裂开结构、盐霜擦痕和弯天线；P05 右下蓝黑模糊签名与褪色椭圆印入画但不可读。只有程野开口，许知遥闭口；不出现手机、备份盘、透明袋、重复证物或可读文字。这里仅表示调查线索可以相互印证，不代表真实性鉴定、定罪或免责。","E:\0822_codex_project\projects\shuohao-skills\experiments\tide-marks\storyboard-full-pack\E05-09\f2.png","E:\0822_codex_project\projects\shuohao-skills\experiments\tide-marks\storyboard-full-pack\E05-09\f3.png","generated-videos/E05-09/E05-09-f2-v01.mp4","参见 offline-production/dialogue-cues.csv：E05-09/镜2","参见 offline-production/sound-music-cues.csv：E05-09","无","可用首尾帧约束；按设计时长回切"
"162","5","E05-09","3","553","103","106","8","3","3","特写","固定","许知遥","无核心道具","许知遥从证物方向抬眼看向同一扇铁丝玻璃窗外，说：‘还差公开。’窗户原有的放射状蛛裂必须保留在同一位置，玻璃不能自动修复。只有许知遥入画并开口；其他人物、全部证物和所有屏幕均在画外，不生成可读文字、界面或字幕。","E:\0822_codex_project\projects\shuohao-skills\experiments\tide-marks\storyboard-full-pack\E05-09\f3.png","","generated-videos/E05-09/E05-09-f3-v01.mp4","参见 offline-production/dialogue-cues.csv：E05-09/镜3","参见 offline-production/sound-music-cues.csv：E05-09","无","尾镜按设计时长输出；动作完成点允许小幅尾裁"
"163","5","E05-10","1","556","106","109.5","0","3.5","4","中景","固定","许知遥、程野","真正的载货联单、三份独立备份盘","动作：许知遥把修复录音复制到恰好三个无标签、彼此独立的存储盘，并把音频校验摘要、联单照片和复查申请通过预先确认的受理通道提交；原始联单仍在现场由程野装入唯一一个透明保护袋。此镜不生成可读界面，两人嘴唇完全闭合。","E:\0822_codex_project\projects\shuohao-skills\experiments\tide-marks\storyboard-full-pack\E05-10\f1.png","E:\0822_codex_project\projects\shuohao-skills\experiments\tide-marks\storyboard-full-pack\E05-10\f2.png","generated-videos/E05-10/E05-10-f1-v01.mp4","参见 offline-production/dialogue-cues.csv：E05-10/镜1","参见 offline-production/sound-music-cues.csv：E05-10","无","可用首尾帧约束；按设计时长回切"
"164","5","E05-10","2","559.5","109.5","112.5","3.5","3","3","特写","固定","程野","真正的载货联单","联单已经完全进入同一个透明保护袋，袋口完全封闭，没有纸边外露，之后绝不再打开。程野拿起唯一一袋联单，独自开口说：‘去渡口。’只出现程野和这一袋联单；不出现散纸、重复证物、电台、手机、存储盘或可读文字。","E:\0822_codex_project\projects\shuohao-skills\experiments\tide-marks\storyboard-full-pack\E05-10\f2.png","E:\0822_codex_project\projects\shuohao-skills\experiments\tide-marks\storyboard-full-pack\E05-10\f3.png","generated-videos/E05-10/E05-10-f2-v01.mp4","参见 offline-production/dialogue-cues.csv：E05-10/镜2","参见 offline-production/sound-music-cues.csv：E05-10","无","可用首尾帧约束；按设计时长回切"
"165","5","E05-10","3","562.5","112.5","116","6.5","3.5","4","全景","固定","许知遥、程野","橙色应急电台、真正的载货联单、程野残录手机、三份独立备份盘","动作：许知遥拿同一台未修复的摔裂电台，黑色熔痕、右侧裂开结构、盐霜擦痕和弯天线保持不变；程野拿已完全装入且袋口完全封闭的唯一一袋联单，绝不打开。两人闭口快步走向门口；出发前，程野已把同一部裂屏残录手机完全收入内侧口袋并随身带走，手机不出画；恰好三个存储盘留在台面。距九点一分钟只由画外闹钟声提示，不显示手机、数字或界面。","E:\0822_codex_project\projects\shuohao-skills\experiments\tide-marks\storyboard-full-pack\E05-10\f3.png","","generated-videos/E05-10/E05-10-f3-v01.mp4","参见 offline-production/dialogue-cues.csv：E05-10/镜3","参见 offline-production/sound-music-cues.csv：E05-10","无","尾镜按设计时长输出；动作完成点允许小幅尾裁"
"166","6","E06-01","1","566","0","4.5","0","4.5","5","中景","跟拍","高嵩、程野","真正的载货联单","动作：高嵩冲向唯一一根现场音响线；程野侧身阻挡，并把装有同一张联单的封闭透明保护袋护在胸前。两人都闭口，此镜不出现电台或备份盘。","E:\0822_codex_project\projects\shuohao-skills\experiments\tide-marks\storyboard-full-pack\E06-01\f1.png","E:\0822_codex_project\projects\shuohao-skills\experiments\tide-marks\storyboard-full-pack\E06-01\f2.png","generated-videos/E06-01/E06-01-f1-v01.mp4","参见 offline-production/dialogue-cues.csv：E06-01/镜1","参见 offline-production/sound-music-cues.csv：E06-01","无","可用首尾帧约束；按设计时长回切"
"167","6","E06-01","2","570.5","4.5","9.5","4.5","5","5","中景","固定","许知遥","橙色应急电台","动作：许知遥按下无字实体播放键，潮声从现场音响涌出；她说：‘你拔一根线，我还有三份备份。’三份备份留在场外，不在画面中出现。","E:\0822_codex_project\projects\shuohao-skills\experiments\tide-marks\storyboard-full-pack\E06-01\f2.png","E:\0822_codex_project\projects\shuohao-skills\experiments\tide-marks\storyboard-full-pack\E06-01\f3.png","generated-videos/E06-01/E06-01-f2-v01.mp4","参见 offline-production/dialogue-cues.csv：E06-01/镜2","参见 offline-production/sound-music-cues.csv：E06-01","无","可用首尾帧约束；按设计时长回切"
"168","6","E06-01","3","575.5","9.5","14.5","9.5","5","5","特写","固定","高嵩","无核心道具","高嵩：“这是拆迁仪式，不是你的修复室。”（努力维持体面）","E:\0822_codex_project\projects\shuohao-skills\experiments\tide-marks\storyboard-full-pack\E06-01\f3.png","","generated-videos/E06-01/E06-01-f3-v01.mp4","参见 offline-production/dialogue-cues.csv：E06-01/镜3","参见 offline-production/sound-music-cues.csv：E06-01","无","尾镜按设计时长输出；动作完成点允许小幅尾裁"
"169","6","E06-02","1","580.5","14.5","18.5","0","4","4","中景","推镜","程野","真正的载货联单","动作：程野保持透明保护袋封闭，把装有联单的保护袋平举给围观者看；手指隔着塑料沿六行模糊编号移动。程野说：‘六桶编号，都在这儿。’","E:\0822_codex_project\projects\shuohao-skills\experiments\tide-marks\storyboard-full-pack\E06-02\f1.png","E:\0822_codex_project\projects\shuohao-skills\experiments\tide-marks\storyboard-full-pack\E06-02\f2.png","generated-videos/E06-02/E06-02-f1-v01.mp4","参见 offline-production/dialogue-cues.csv：E06-02/镜1","参见 offline-production/sound-music-cues.csv：E06-02","无","可用首尾帧约束；按设计时长回切"
"170","6","E06-02","2","584.5","18.5","22.5","4","4","4","中景","固定","高嵩","真正的载货联单","动作：前排围观者放下效果图，转身看向联单。；高嵩：“一张泡烂的纸，也配叫证据？”（提高音量压住现场）","E:\0822_codex_project\projects\shuohao-skills\experiments\tide-marks\storyboard-full-pack\E06-02\f2.png","E:\0822_codex_project\projects\shuohao-skills\experiments\tide-marks\storyboard-full-pack\E06-02\f3.png","generated-videos/E06-02/E06-02-f2-v01.mp4","参见 offline-production/dialogue-cues.csv：E06-02/镜2","参见 offline-production/sound-music-cues.csv：E06-02","无","可用首尾帧约束；按设计时长回切"
"171","6","E06-02","3","588.5","22.5","26","8","3.5","4","特写","固定","许知遥","无核心道具","许知遥：“所以请所有人一起核对。”（不与他争吵）","E:\0822_codex_project\projects\shuohao-skills\experiments\tide-marks\storyboard-full-pack\E06-02\f3.png","","generated-videos/E06-02/E06-02-f3-v01.mp4","参见 offline-production/dialogue-cues.csv：E06-02/镜3","参见 offline-production/sound-music-cues.csv：E06-02","无","尾镜按设计时长输出；动作完成点允许小幅尾裁"
"172","6","E06-03","1","592","26","30","0","4","4","中景","推镜","许知遥、程野","无核心道具","动作：防潮报警蜂鸣从音响里连续响起。；许潮：“七月十九日，一点四十七分。”（旧录音里的少年声音，紧张但清楚）","E:\0822_codex_project\projects\shuohao-skills\experiments\tide-marks\storyboard-full-pack\E06-03\f1.png","E:\0822_codex_project\projects\shuohao-skills\experiments\tide-marks\storyboard-full-pack\E06-03\f2.png","generated-videos/E06-03/E06-03-f1-v01.mp4","参见 offline-production/dialogue-cues.csv：E06-03/镜1","参见 offline-production/sound-music-cues.csv：E06-03","无","可用首尾帧约束；按设计时长回切"
"173","6","E06-03","2","596","30","33.5","4","3.5","4","特写","固定","许知遥、程野","无核心道具","许潮：“我还在货仓外。”（急促喘息中报出位置）","E:\0822_codex_project\projects\shuohao-skills\experiments\tide-marks\storyboard-full-pack\E06-03\f2.png","E:\0822_codex_project\projects\shuohao-skills\experiments\tide-marks\storyboard-full-pack\E06-03\f3.png","generated-videos/E06-03/E06-03-f2-v01.mp4","参见 offline-production/dialogue-cues.csv：E06-03/镜2","参见 offline-production/sound-music-cues.csv：E06-03","无","可用首尾帧约束；按设计时长回切"
"174","6","E06-03","3","599.5","33.5","37.5","7.5","4","4","中景","固定","高嵩","无核心道具","动作：高嵩后退一步，回头看向停在场边的拆迁设备。；高嵩：“关掉！”（控制第一次崩开）","E:\0822_codex_project\projects\shuohao-skills\experiments\tide-marks\storyboard-full-pack\E06-03\f3.png","","generated-videos/E06-03/E06-03-f3-v01.mp4","参见 offline-production/dialogue-cues.csv：E06-03/镜3","参见 offline-production/sound-music-cues.csv：E06-03","无","尾镜按设计时长输出；动作完成点允许小幅尾裁"
"175","6","E06-04","1","603.5","37.5","41.5","0","4","4","中景","推镜","许知遥","橙色应急电台","许知遥：“你怕的不是噪声，是时间。”（把音量推高）","E:\0822_codex_project\projects\shuohao-skills\experiments\tide-marks\storyboard-full-pack\E06-04\f1.png","E:\0822_codex_project\projects\shuohao-skills\experiments\tide-marks\storyboard-full-pack\E06-04\f2.png","generated-videos/E06-04/E06-04-f1-v01.mp4","参见 offline-production/dialogue-cues.csv：E06-04/镜1","参见 offline-production/sound-music-cues.csv：E06-04","无","可用首尾帧约束；按设计时长回切"
"176","6","E06-04","2","607.5","41.5","46","4","4.5","5","特写","固定","高嵩","无核心道具","动作：发动机启动声盖过现场的低语。；许潮：“高嵩拿了备用钥匙，亲自开船。”（录音里快速报告）","E:\0822_codex_project\projects\shuohao-skills\experiments\tide-marks\storyboard-full-pack\E06-04\f2.png","E:\0822_codex_project\projects\shuohao-skills\experiments\tide-marks\storyboard-full-pack\E06-04\f3.png","generated-videos/E06-04/E06-04-f2-v01.mp4","参见 offline-production/dialogue-cues.csv：E06-04/镜2","参见 offline-production/sound-music-cues.csv：E06-04","无","可用首尾帧约束；按设计时长回切"
"177","6","E06-04","3","612","46","49.5","8.5","3.5","4","特写","固定","高嵩","无核心道具","高嵩：“那是个孩子胡说！”（指向音响）","E:\0822_codex_project\projects\shuohao-skills\experiments\tide-marks\storyboard-full-pack\E06-04\f3.png","","generated-videos/E06-04/E06-04-f3-v01.mp4","参见 offline-production/dialogue-cues.csv：E06-04/镜3","参见 offline-production/sound-music-cues.csv：E06-04","无","尾镜按设计时长输出；动作完成点允许小幅尾裁"
"178","6","E06-05","1","615.5","49.5","53.5","0","4","4","中景","推镜","程野","真正的载货联单","动作：程野把装有同一张联单的封闭透明保护袋平举到现场摄像设备前，隔袋指过六行模糊结构；他说：‘六桶，不是两桶。’","E:\0822_codex_project\projects\shuohao-skills\experiments\tide-marks\storyboard-full-pack\E06-05\f1.png","E:\0822_codex_project\projects\shuohao-skills\experiments\tide-marks\storyboard-full-pack\E06-05\f2.png","generated-videos/E06-05/E06-05-f1-v01.mp4","参见 offline-production/dialogue-cues.csv：E06-05/镜1","参见 offline-production/sound-music-cues.csv：E06-05","无","可用首尾帧约束；按设计时长回切"
"179","6","E06-05","2","619.5","53.5","57","4","3.5","4","特写","固定","许知遥","真正的载货联单","许知遥：“编号连续，私章也在。”（逐项对账）","E:\0822_codex_project\projects\shuohao-skills\experiments\tide-marks\storyboard-full-pack\E06-05\f2.png","E:\0822_codex_project\projects\shuohao-skills\experiments\tide-marks\storyboard-full-pack\E06-05\f3.png","generated-videos/E06-05/E06-05-f2-v01.mp4","参见 offline-production/dialogue-cues.csv：E06-05/镜2","参见 offline-production/sound-music-cues.csv：E06-05","无","可用首尾帧约束；按设计时长回切"
"180","6","E06-05","3","623","57","61.5","7.5","4.5","5","中景","固定","高嵩","真正的载货联单、许德海事故责任书","动作：围观者纷纷举起手机对准联单。；高嵩：“责任书还在，许德海洗不干净。”（退回最后一道旧结论）","E:\0822_codex_project\projects\shuohao-skills\experiments\tide-marks\storyboard-full-pack\E06-05\f3.png","","generated-videos/E06-05/E06-05-f3-v01.mp4","参见 offline-production/dialogue-cues.csv：E06-05/镜3","参见 offline-production/sound-music-cues.csv：E06-05","无","尾镜按设计时长输出；动作完成点允许小幅尾裁"
"181","6","E06-06","1","627.5","61.5","65","0","3.5","4","中景","推镜","许知遥","许德海事故责任书","许知遥：“责任书也会进鉴定。”（没有回避）","E:\0822_codex_project\projects\shuohao-skills\experiments\tide-marks\storyboard-full-pack\E06-06\f1.png","E:\0822_codex_project\projects\shuohao-skills\experiments\tide-marks\storyboard-full-pack\E06-06\f2.png","generated-videos/E06-06/E06-06-f1-v01.mp4","参见 offline-production/dialogue-cues.csv：E06-06/镜1","参见 offline-production/sound-music-cues.csv：E06-06","无","可用首尾帧约束；按设计时长回切"
"182","6","E06-06","2","631","65","69","3.5","4","4","中景","固定","程野、高嵩","真正的载货联单","动作：高嵩伸手去抓封闭透明袋，程野把袋装联单收回身前，全程没有开袋。；程野：“这一次，谁也扔不回水里。”（直视高嵩）","E:\0822_codex_project\projects\shuohao-skills\experiments\tide-marks\storyboard-full-pack\E06-06\f2.png","E:\0822_codex_project\projects\shuohao-skills\experiments\tide-marks\storyboard-full-pack\E06-06\f3.png","generated-videos/E06-06/E06-06-f2-v01.mp4","参见 offline-production/dialogue-cues.csv：E06-06/镜2","参见 offline-production/sound-music-cues.csv：E06-06","无","可用首尾帧约束；按设计时长回切"
"183","6","E06-06","3","635","69","74","7.5","5","5","特写","固定","高嵩","无核心道具","动作：围观者的现场视频传到项目方后，高嵩的手机连续震动；他低头接起项目主管的电话。；画外信息：“现场拆迁暂停，所有材料原地封存。”（电话里的项目主管，急促而正式）","E:\0822_codex_project\projects\shuohao-skills\experiments\tide-marks\storyboard-full-pack\E06-06\f3.png","","generated-videos/E06-06/E06-06-f3-v01.mp4","参见 offline-production/dialogue-cues.csv：E06-06/镜3","参见 offline-production/sound-music-cues.csv：E06-06","无","尾镜按设计时长输出；动作完成点允许小幅尾裁"
"184","6","E06-07","1","640","74","78","0","4","4","中景","推镜","程野","真正的载货联单、程野残录手机","动作：程野把同一部裂屏残录手机放到封闭联单保护袋旁，说：‘还有你的原话，一份不少。’他说完闭口后，手机残录才继续播放。","E:\0822_codex_project\projects\shuohao-skills\experiments\tide-marks\storyboard-full-pack\E06-07\f1.png","E:\0822_codex_project\projects\shuohao-skills\experiments\tide-marks\storyboard-full-pack\E06-07\f2.png","generated-videos/E06-07/E06-07-f1-v01.mp4","参见 offline-production/dialogue-cues.csv：E06-07/镜1","参见 offline-production/sound-music-cues.csv：E06-07","无","可用首尾帧约束；按设计时长回切"
"185","6","E06-07","2","644","78","82.5","4","4.5","5","特写","固定","高嵩","无核心道具","高嵩：“断断续续的东西，证明不了什么。”（急着替自己定性）","E:\0822_codex_project\projects\shuohao-skills\experiments\tide-marks\storyboard-full-pack\E06-07\f2.png","E:\0822_codex_project\projects\shuohao-skills\experiments\tide-marks\storyboard-full-pack\E06-07\f3.png","generated-videos/E06-07/E06-07-f2-v01.mp4","参见 offline-production/dialogue-cues.csv：E06-07/镜2","参见 offline-production/sound-music-cues.csv：E06-07","无","可用首尾帧约束；按设计时长回切"
"186","6","E06-07","3","648.5","82.5","86.5","8.5","4","4","中景","固定","高嵩","无核心道具","动作：拆迁设备依次熄火，候船厅前安静下来。；高嵩：“暂停不等于翻案。”（握着手机，声音发紧）","E:\0822_codex_project\projects\shuohao-skills\experiments\tide-marks\storyboard-full-pack\E06-07\f3.png","","generated-videos/E06-07/E06-07-f3-v01.mp4","参见 offline-production/dialogue-cues.csv：E06-07/镜3","参见 offline-production/sound-music-cues.csv：E06-07","无","尾镜按设计时长输出；动作完成点允许小幅尾裁"
"187","6","E06-08","1","652.5","86.5","91","0","4.5","5","中景","推镜","许知遥","橙色应急电台、真正的载货联单","许知遥：“对。接下来每一项，都公开核验。”（把同一台摔裂电台放到始终封闭的透明袋旁）","E:\0822_codex_project\projects\shuohao-skills\experiments\tide-marks\storyboard-full-pack\E06-08\f1.png","E:\0822_codex_project\projects\shuohao-skills\experiments\tide-marks\storyboard-full-pack\E06-08\f2.png","generated-videos/E06-08/E06-08-f1-v01.mp4","参见 offline-production/dialogue-cues.csv：E06-08/镜1","参见 offline-production/sound-music-cues.csv：E06-08","无","可用首尾帧约束；按设计时长回切"
"188","6","E06-08","2","657","91","96","4.5","5","5","中景","固定","许知遥、程野","无核心道具","画外信息：“此前提交的七一九事故材料已受理，启动复查。”（电话扩音里的正式通知，仅表示受理而非结论）","E:\0822_codex_project\projects\shuohao-skills\experiments\tide-marks\storyboard-full-pack\E06-08\f2.png","E:\0822_codex_project\projects\shuohao-skills\experiments\tide-marks\storyboard-full-pack\E06-08\f3.png","generated-videos/E06-08/E06-08-f2-v01.mp4","参见 offline-production/dialogue-cues.csv：E06-08/镜2","参见 offline-production/sound-music-cues.csv：E06-08","无","可用首尾帧约束；按设计时长回切"
"189","6","E06-08","3","662","96","99.5","9.5","3.5","4","特写","固定","程野","真正的载货联单","短暂时间跳切后，程野双手把封闭的联单保护袋交给按受理流程赶到现场的一双中性手套，开始受控登记交接；接收人员的脸和身体不入画。","E:\0822_codex_project\projects\shuohao-skills\experiments\tide-marks\storyboard-full-pack\E06-08\f3.png","","generated-videos/E06-08/E06-08-f3-v01.mp4","参见 offline-production/dialogue-cues.csv：E06-08/镜3","参见 offline-production/sound-music-cues.csv：E06-08","在交接动作稳定后，后期可补一张虚构的无机构标识接收回执；不得在生图或 H3 阶段生成可读编号，也不得声称证据链已经完成法律认证。","尾镜按设计时长输出；动作完成点允许小幅尾裁"
"190","6","E06-09","1","665.5","99.5","103.5","0","4","4","全景","推镜","许知遥、程野","橙色应急电台","动作：黄昏时，许知遥把同一台摔裂电台固定进救生圈档案夹层的公开透明支架；这不是隐藏藏匿。程野站在两级石阶上说：‘至少今天，他们停了。’","E:\0822_codex_project\projects\shuohao-skills\experiments\tide-marks\storyboard-full-pack\E06-09\f1.png","E:\0822_codex_project\projects\shuohao-skills\experiments\tide-marks\storyboard-full-pack\E06-09\f2.png","generated-videos/E06-09/E06-09-f1-v01.mp4","参见 offline-production/dialogue-cues.csv：E06-09/镜1","参见 offline-production/sound-music-cues.csv：E06-09","无","可用首尾帧约束；按设计时长回切"
"191","6","E06-09","2","669.5","103.5","108.5","4","5","5","特写","固定","许知遥","橙色应急电台","许知遥整理电台的透明归档支架并贴上空白标签，说：‘不是为了赢。是让每一件证据，都能被核验。’标签文字后期处理，生图不生成可读内容。","E:\0822_codex_project\projects\shuohao-skills\experiments\tide-marks\storyboard-full-pack\E06-09\f2.png","","generated-videos/E06-09/E06-09-f2-v01.mp4","参见 offline-production/dialogue-cues.csv：E06-09/镜2","参见 offline-production/sound-music-cues.csv：E06-09","无","尾镜按设计时长输出；动作完成点允许小幅尾裁"
"192","6","E06-10","1","674.5","108.5","112.5","0","4","4","全景","固定","许知遥","橙色应急电台","动作：公开透明归档支架里的摔裂电台保持烧痕、未补漆；许知遥收回双手。潮水退下，最低两级石阶露出深浅两道水线。","E:\0822_codex_project\projects\shuohao-skills\experiments\tide-marks\storyboard-full-pack\E06-10\f1.png","E:\0822_codex_project\projects\shuohao-skills\experiments\tide-marks\storyboard-full-pack\E06-10\f2.png","generated-videos/E06-10/E06-10-f1-v01.mp4","参见 offline-production/dialogue-cues.csv：E06-10/镜1","参见 offline-production/sound-music-cues.csv：E06-10","无","可用首尾帧约束；按设计时长回切"
"193","6","E06-10","2","678.5","112.5","116","4","3.5","4","特写","固定","许知遥","无核心道具","动作：许知遥自己的普通手机震动；生图只显示模糊空白通知卡。受理文案和虚构编号仅在后期叠加，不把任何具体文字交给生图或 H3 模型。","E:\0822_codex_project\projects\shuohao-skills\experiments\tide-marks\storyboard-full-pack\E06-10\f2.png","","generated-videos/E06-10/E06-10-f2-v01.mp4","参见 offline-production/dialogue-cues.csv：E06-10/镜2","参见 offline-production/sound-music-cues.csv：E06-10","在手机屏幕四角跟踪后叠加 1.0～1.5 秒：第一行‘七一九旧案复查材料已受理’，第二行‘受理编号：FC-0719-01’。该编号为纯剧情虚构格式；不得使用机关徽标、真实单位名、法院或公安 UI，也不得出现‘立案成功’‘许德海无罪’‘高嵩有罪’或‘案件已翻案’。声音只用一次轻震与克制提示音。","尾镜按设计时长输出；动作完成点允许小幅尾裁"
